Item,Item Code,Año,Toneladas,Cultivo
Artichokes,366,1961,3500.0,Alcachofa
Asparagus,367,1961,5000.0,Esparrago
Avocados,572,1961,19910.0,Palta
"Beans, dry",176,1961,42530.0,Frijol
"Broad beans and horse beans, dry",181,1961,23500.0,Haba
Cantaloupes and other melons,568,1961,5000.0,Aceituna
"Cassava, fresh",125,1961,364555.0,Yuca
Cocoa beans,661,1961,2688.0,Cacao
"Coffee, green",656,1961,42643.0,Cafe
Grapes,560,1961,56456.0,Uva
Green corn (maize),446,1961,90000.0,Maiz_choclo
Lemons and limes,497,1961,55000.0,Limon
Maize (corn),56,1961,340037.0,Maiz
"Mangoes, guavas and mangosteens",571,1961,40000.0,Mango
Oil palm fruit,254,1961,0.0,Palma_aceitera
"Onions and shallots, dry (excluding dehydrated)",403,1961,57660.0,Cebolla
Oranges,490,1961,118800.0,Naranja
Pineapples,574,1961,7000.0,Pina
Potatoes,116,1961,1243666.0,Papa
Rice,27,1961,331877.0,Arroz
Sugar cane,156,1961,8100000.0,Cana_azucar
Sweet potatoes,122,1961,144820.0,Camote
"Tangerines, mandarins, clementines",495,1961,5600.0,Mandarina
Tomatoes,388,1961,32000.0,Tomate
Wheat,15,1961,153595.0,Trigo
Artichokes,366,1962,3500.0,Alcachofa
Asparagus,367,1962,5000.0,Esparrago
Avocados,572,1962,20930.0,Palta
"Beans, dry",176,1962,45360.0,Frijol
"Broad beans and horse beans, dry",181,1962,32978.0,Haba
Cantaloupes and other melons,568,1962,5000.0,Aceituna
"Cassava, fresh",125,1962,376625.0,Yuca
Cocoa beans,661,1962,2464.0,Cacao
"Coffee, green",656,1962,46356.0,Cafe
Grapes,560,1962,61900.0,Uva
Green corn (maize),446,1962,100000.0,Maiz_choclo
Lemons and limes,497,1962,56000.0,Limon
Maize (corn),56,1962,357274.0,Maiz
"Mangoes, guavas and mangosteens",571,1962,40000.0,Mango
Oil palm fruit,254,1962,0.0,Palma_aceitera
"Onions and shallots, dry (excluding dehydrated)",403,1962,68760.0,Cebolla
Oranges,490,1962,125400.0,Naranja
Pineapples,574,1962,7000.0,Pina
Potatoes,116,1962,1232256.0,Papa
Rice,27,1962,391361.0,Arroz
Sugar cane,156,1962,7950000.0,Cana_azucar
Sweet potatoes,122,1962,145720.0,Camote
"Tangerines, mandarins, clementines",495,1962,5900.0,Mandarina
Tomatoes,388,1962,22680.0,Tomate
Wheat,15,1962,152666.0,Trigo
Artichokes,366,1963,3500.0,Alcachofa
Asparagus,367,1963,5000.0,Esparrago
Avocados,572,1963,22460.0,Palta
"Beans, dry",176,1963,42360.0,Frijol
"Broad beans and horse beans, dry",181,1963,34920.0,Haba
Cantaloupes and other melons,568,1963,5000.0,Aceituna
"Cassava, fresh",125,1963,399920.0,Yuca
Cocoa beans,661,1963,2670.0,Cacao
"Coffee, green",656,1963,48940.0,Cafe
Grapes,560,1963,59570.0,Uva
Green corn (maize),446,1963,100000.0,Maiz_choclo
Lemons and limes,497,1963,58000.0,Limon
Maize (corn),56,1963,362330.0,Maiz
"Mangoes, guavas and mangosteens",571,1963,40000.0,Mango
Oil palm fruit,254,1963,0.0,Palma_aceitera
"Onions and shallots, dry (excluding dehydrated)",403,1963,90720.0,Cebolla
Oranges,490,1963,133000.0,Naranja
Pineapples,574,1963,8000.0,Pina
Potatoes,116,1963,1196920.0,Papa
Rice,27,1963,269860.0,Arroz
Sugar cane,156,1963,8285310.0,Cana_azucar
Sweet potatoes,122,1963,158790.0,Camote
"Tangerines, mandarins, clementines",495,1963,6300.0,Mandarina
Tomatoes,388,1963,24380.0,Tomate
Wheat,15,1963,155500.0,Trigo
Artichokes,366,1964,3500.0,Alcachofa
Asparagus,367,1964,5000.0,Esparrago
Avocados,572,1964,23645.0,Palta
"Beans, dry",176,1964,44734.0,Frijol
"Broad beans and horse beans, dry",181,1964,35321.0,Haba
Cantaloupes and other melons,568,1964,5000.0,Aceituna
"Cassava, fresh",125,1964,496520.0,Yuca
Cocoa beans,661,1964,2674.0,Cacao
"Coffee, green",656,1964,52740.0,Cafe
Grapes,560,1964,55723.0,Uva
Green corn (maize),446,1964,100000.0,Maiz_choclo
Lemons and limes,497,1964,60000.0,Limon
Maize (corn),56,1964,502580.0,Maiz
"Mangoes, guavas and mangosteens",571,1964,40000.0,Mango
Oil palm fruit,254,1964,0.0,Palma_aceitera
"Onions and shallots, dry (excluding dehydrated)",403,1964,124010.0,Cebolla
Oranges,490,1964,143000.0,Naranja
Pineapples,574,1964,8000.0,Pina
Potatoes,116,1964,1531130.0,Papa
Rice,27,1964,351475.0,Arroz
Sugar cane,156,1964,8100000.0,Cana_azucar
Sweet potatoes,122,1964,166411.0,Camote
"Tangerines, mandarins, clementines",495,1964,6750.0,Mandarina
Tomatoes,388,1964,40983.0,Tomate
Wheat,15,1964,143150.0,Trigo
Artichokes,366,1965,3500.0,Alcachofa
Asparagus,367,1965,5000.0,Esparrago
Avocados,572,1965,29815.0,Palta
"Beans, dry",176,1965,48424.0,Frijol
"Broad beans and horse beans, dry",181,1965,20786.0,Haba
Cantaloupes and other melons,568,1965,5000.0,Aceituna
"Cassava, fresh",125,1965,449275.0,Yuca
Cocoa beans,661,1965,1836.0,Cacao
"Coffee, green",656,1965,48264.0,Cafe
Grapes,560,1965,55369.0,Uva
Green corn (maize),446,1965,83495.0,Maiz_choclo
Lemons and limes,497,1965,62000.0,Limon
Maize (corn),56,1965,557171.0,Maiz
"Mangoes, guavas and mangosteens",571,1965,40336.0,Mango
Oil palm fruit,254,1965,0.0,Palma_aceitera
"Onions and shallots, dry (excluding dehydrated)",403,1965,101945.0,Cebolla
Oranges,490,1965,149000.0,Naranja
Pineapples,574,1965,8201.0,Pina
Potatoes,116,1965,1568240.0,Papa
Rice,27,1965,290520.0,Arroz
Sugar cane,156,1965,8000000.0,Cana_azucar
Sweet potatoes,122,1965,123709.0,Camote
"Tangerines, mandarins, clementines",495,1965,7000.0,Mandarina
Tomatoes,388,1965,50972.0,Tomate
Wheat,15,1965,146720.0,Trigo
Artichokes,366,1966,3522.0,Alcachofa
Asparagus,367,1966,5313.0,Esparrago
Avocados,572,1966,46522.0,Palta
"Beans, dry",176,1966,65285.0,Frijol
"Broad beans and horse beans, dry",181,1966,20467.0,Haba
Cantaloupes and other melons,568,1966,5927.0,Aceituna
"Cassava, fresh",125,1966,486751.0,Yuca
Cocoa beans,661,1966,2149.0,Cacao
"Coffee, green",656,1966,52380.0,Cafe
Grapes,560,1966,55938.0,Uva
Green corn (maize),446,1966,108451.0,Maiz_choclo
Lemons and limes,497,1966,66845.0,Limon
Maize (corn),56,1966,581008.0,Maiz
"Mangoes, guavas and mangosteens",571,1966,43375.0,Mango
Oil palm fruit,254,1966,0.0,Palma_aceitera
"Onions and shallots, dry (excluding dehydrated)",403,1966,113773.0,Cebolla
Oranges,490,1966,172674.0,Naranja
Pineapples,574,1966,19023.0,Pina
Potatoes,116,1966,1498930.0,Papa
Rice,27,1966,374032.0,Arroz
Sugar cane,156,1966,9002009.0,Cana_azucar
Sweet potatoes,122,1966,132965.0,Camote
"Tangerines, mandarins, clementines",495,1966,8014.0,Mandarina
Tomatoes,388,1966,66478.0,Tomate
Wheat,15,1966,145002.0,Trigo
Artichokes,366,1967,4096.0,Alcachofa
Asparagus,367,1967,5635.0,Esparrago
Avocados,572,1967,45305.0,Palta
"Beans, dry",176,1967,76471.0,Frijol
"Broad beans and horse beans, dry",181,1967,22395.0,Haba
Cantaloupes and other melons,568,1967,4524.0,Aceituna
"Cassava, fresh",125,1967,506823.0,Yuca
Cocoa beans,661,1967,2301.0,Cacao
"Coffee, green",656,1967,52753.0,Cafe
Grapes,560,1967,53879.0,Uva
Green corn (maize),446,1967,119730.0,Maiz_choclo
Lemons and limes,497,1967,70927.0,Limon
Maize (corn),56,1967,590575.0,Maiz
"Mangoes, guavas and mangosteens",571,1967,45976.0,Mango
Oil palm fruit,254,1967,0.0,Palma_aceitera
"Onions and shallots, dry (excluding dehydrated)",403,1967,125617.0,Cebolla
Oranges,490,1967,190791.0,Naranja
Pineapples,574,1967,24577.0,Pina
Potatoes,116,1967,1711741.0,Papa
Rice,27,1967,461420.0,Arroz
Sugar cane,156,1967,8433150.0,Cana_azucar
Sweet potatoes,122,1967,149635.0,Camote
"Tangerines, mandarins, clementines",495,1967,8792.0,Mandarina
Tomatoes,388,1967,64802.0,Tomate
Wheat,15,1967,152180.0,Trigo
Artichokes,366,1968,5068.0,Alcachofa
Asparagus,367,1968,4084.0,Esparrago
Avocados,572,1968,49053.0,Palta
"Beans, dry",176,1968,50703.0,Frijol
"Broad beans and horse beans, dry",181,1968,16938.0,Haba
Cantaloupes and other melons,568,1968,9441.0,Aceituna
"Cassava, fresh",125,1968,399141.0,Yuca
Cocoa beans,661,1968,1795.0,Cacao
"Coffee, green",656,1968,64652.0,Cafe
Grapes,560,1968,55862.0,Uva
Green corn (maize),446,1968,89039.0,Maiz_choclo
Lemons and limes,497,1968,73536.0,Limon
Maize (corn),56,1968,525835.0,Maiz
"Mangoes, guavas and mangosteens",571,1968,64134.0,Mango
Oil palm fruit,254,1968,0.0,Palma_aceitera
"Onions and shallots, dry (excluding dehydrated)",403,1968,127164.0,Cebolla
Oranges,490,1968,213168.0,Naranja
Pineapples,574,1968,37133.0,Pina
Potatoes,116,1968,1526247.0,Papa
Rice,27,1968,286195.0,Arroz
Sugar cane,156,1968,7737181.0,Cana_azucar
Sweet potatoes,122,1968,145026.0,Camote
"Tangerines, mandarins, clementines",495,1968,9360.0,Mandarina
Tomatoes,388,1968,61161.0,Tomate
Wheat,15,1968,112912.0,Trigo
Artichokes,366,1969,3050.0,Alcachofa
Asparagus,367,1969,3930.0,Esparrago
Avocados,572,1969,66388.0,Palta
"Beans, dry",176,1969,64616.0,Frijol
"Broad beans and horse beans, dry",181,1969,20117.0,Haba
Cantaloupes and other melons,568,1969,7870.0,Aceituna
"Cassava, fresh",125,1969,449891.0,Yuca
Cocoa beans,661,1969,2412.0,Cacao
"Coffee, green",656,1969,68439.0,Cafe
Grapes,560,1969,65982.0,Uva
Green corn (maize),446,1969,121807.0,Maiz_choclo
Lemons and limes,497,1969,96263.0,Limon
Maize (corn),56,1969,589698.0,Maiz
"Mangoes, guavas and mangosteens",571,1969,44615.0,Mango
Oil palm fruit,254,1969,0.0,Palma_aceitera
"Onions and shallots, dry (excluding dehydrated)",403,1969,129605.0,Cebolla
Oranges,490,1969,243309.0,Naranja
Pineapples,574,1969,75349.0,Pina
Potatoes,116,1969,1855534.0,Papa
Rice,27,1969,444432.0,Arroz
Sugar cane,156,1969,6898210.0,Cana_azucar
Sweet potatoes,122,1969,156447.0,Camote
"Tangerines, mandarins, clementines",495,1969,13699.0,Mandarina
Tomatoes,388,1969,56981.0,Tomate
Wheat,15,1969,136703.0,Trigo
Apricots,526,1970,306.0,Papaya
Artichokes,366,1970,2072.0,Alcachofa
Asparagus,367,1970,4836.0,Esparrago
Avocados,572,1970,87396.0,Palta
"Beans, dry",176,1970,62918.0,Frijol
"Broad beans and horse beans, dry",181,1970,21028.0,Haba
Cantaloupes and other melons,568,1970,10109.0,Aceituna
"Cassava, fresh",125,1970,498316.0,Yuca
Cocoa beans,661,1970,2107.0,Cacao
"Coffee, green",656,1970,65368.0,Cafe
Grapes,560,1970,56243.0,Uva
Green corn (maize),446,1970,133405.0,Maiz_choclo
Lemons and limes,497,1970,78243.0,Limon
Maize (corn),56,1970,614619.0,Maiz
"Mangoes, guavas and mangosteens",571,1970,65097.0,Mango
Oil palm fruit,254,1970,278.0,Palma_aceitera
"Onions and shallots, dry (excluding dehydrated)",403,1970,159146.0,Cebolla
Oranges,490,1970,243495.0,Naranja
Pineapples,574,1970,61971.0,Pina
Potatoes,116,1970,1929470.0,Papa
Rice,27,1970,586721.0,Arroz
Sugar cane,156,1970,8067975.0,Cana_azucar
Sweet potatoes,122,1970,177924.0,Camote
"Tangerines, mandarins, clementines",495,1970,14654.0,Mandarina
Tomatoes,388,1970,61884.0,Tomate
Wheat,15,1970,125374.0,Trigo
Apricots,526,1971,367.0,Papaya
Artichokes,366,1971,1824.0,Alcachofa
Asparagus,367,1971,2446.0,Esparrago
Avocados,572,1971,96384.0,Palta
"Beans, dry",176,1971,58271.0,Frijol
"Broad beans and horse beans, dry",181,1971,20113.0,Haba
Cantaloupes and other melons,568,1971,9299.0,Aceituna
"Cassava, fresh",125,1971,481925.0,Yuca
Cocoa beans,661,1971,2173.0,Cacao
"Coffee, green",656,1971,70587.0,Cafe
Grapes,560,1971,62824.0,Uva
Green corn (maize),446,1971,136947.0,Maiz_choclo
Lemons and limes,497,1971,57895.0,Limon
Maize (corn),56,1971,616368.0,Maiz
"Mangoes, guavas and mangosteens",571,1971,59748.0,Mango
Oil palm fruit,254,1971,776.0,Palma_aceitera
"Onions and shallots, dry (excluding dehydrated)",403,1971,157737.0,Cebolla
Oranges,490,1971,236942.0,Naranja
Pineapples,574,1971,52898.0,Pina
Potatoes,116,1971,1967860.0,Papa
Rice,27,1971,591111.0,Arroz
Sugar cane,156,1971,8777762.0,Cana_azucar
Sweet potatoes,122,1971,167963.0,Camote
"Tangerines, mandarins, clementines",495,1971,17615.0,Mandarina
Tomatoes,388,1971,60793.0,Tomate
Wheat,15,1971,122225.0,Trigo
Apricots,526,1972,441.0,Papaya
Artichokes,366,1972,1789.0,Alcachofa
Asparagus,367,1972,3133.0,Esparrago
Avocados,572,1972,104904.0,Palta
"Beans, dry",176,1972,59805.0,Frijol
"Broad beans and horse beans, dry",181,1972,20838.0,Haba
Cantaloupes and other melons,568,1972,10362.0,Aceituna
"Cassava, fresh",125,1972,446028.0,Yuca
Cocoa beans,661,1972,2231.0,Cacao
"Coffee, green",656,1972,70195.0,Cafe
Grapes,560,1972,58932.0,Uva
Green corn (maize),446,1972,144878.0,Maiz_choclo
Lemons and limes,497,1972,65072.0,Limon
Maize (corn),56,1972,628323.0,Maiz
"Mangoes, guavas and mangosteens",571,1972,76688.0,Mango
Oil palm fruit,254,1972,18.0,Palma_aceitera
"Onions and shallots, dry (excluding dehydrated)",403,1972,149947.0,Cebolla
Oranges,490,1972,213448.0,Naranja
Pineapples,574,1972,50466.0,Pina
Potatoes,116,1972,1713390.0,Papa
Rice,27,1972,482326.0,Arroz
Sugar cane,156,1972,9098410.0,Cana_azucar
Sweet potatoes,122,1972,154464.0,Camote
"Tangerines, mandarins, clementines",495,1972,17721.0,Mandarina
Tomatoes,388,1972,69835.0,Tomate
Wheat,15,1972,120080.0,Trigo
Apricots,526,1973,431.0,Papaya
Artichokes,366,1973,1960.0,Alcachofa
Asparagus,367,1973,2634.0,Esparrago
Avocados,572,1973,104253.0,Palta
"Beans, dry",176,1973,60374.0,Frijol
"Broad beans and horse beans, dry",181,1973,22182.0,Haba
Cantaloupes and other melons,568,1973,6737.0,Aceituna
"Cassava, fresh",125,1973,460306.0,Yuca
Cocoa beans,661,1973,2406.0,Cacao
"Coffee, green",656,1973,70396.0,Cafe
Grapes,560,1973,61569.0,Uva
Green corn (maize),446,1973,148811.0,Maiz_choclo
Lemons and limes,497,1973,69454.0,Limon
Maize (corn),56,1973,599490.0,Maiz
"Mangoes, guavas and mangosteens",571,1973,78408.0,Mango
Oil palm fruit,254,1973,18.0,Palma_aceitera
"Onions and shallots, dry (excluding dehydrated)",403,1973,136347.0,Cebolla
Oranges,490,1973,209544.0,Naranja
Pineapples,574,1973,49984.0,Pina
Potatoes,116,1973,1713094.0,Papa
Rice,27,1973,483471.0,Arroz
Sugar cane,156,1973,9261451.0,Cana_azucar
Sweet potatoes,122,1973,156241.0,Camote
"Tangerines, mandarins, clementines",495,1973,17747.0,Mandarina
Tomatoes,388,1973,65177.0,Tomate
Wheat,15,1973,122635.0,Trigo
Apricots,526,1974,444.0,Papaya
Artichokes,366,1974,1627.0,Alcachofa
Asparagus,367,1974,2723.0,Esparrago
Avocados,572,1974,104047.0,Palta
"Beans, dry",176,1974,61653.0,Frijol
"Broad beans and horse beans, dry",181,1974,22739.0,Haba
Cantaloupes and other melons,568,1974,8254.0,Aceituna
"Cassava, fresh",125,1974,468917.0,Yuca
Cocoa beans,661,1974,2545.0,Cacao
"Coffee, green",656,1974,69855.0,Cafe
Grapes,560,1974,64159.0,Uva
Green corn (maize),446,1974,151797.0,Maiz_choclo
Lemons and limes,497,1974,73172.0,Limon
Maize (corn),56,1974,605632.0,Maiz
"Mangoes, guavas and mangosteens",571,1974,82780.0,Mango
Oil palm fruit,254,1974,18.0,Palma_aceitera
"Onions and shallots, dry (excluding dehydrated)",403,1974,149136.0,Cebolla
Oranges,490,1974,212855.0,Naranja
Pineapples,574,1974,51164.0,Pina
Potatoes,116,1974,1722374.0,Papa
Rice,27,1974,494237.0,Arroz
Sugar cane,156,1974,9668516.0,Cana_azucar
Sweet potatoes,122,1974,146197.0,Camote
"Tangerines, mandarins, clementines",495,1974,18450.0,Mandarina
Tomatoes,388,1974,69990.0,Tomate
Wheat,15,1974,127364.0,Trigo
Apricots,526,1975,515.0,Papaya
Artichokes,366,1975,1996.0,Alcachofa
Asparagus,367,1975,2715.0,Esparrago
Avocados,572,1975,85788.0,Palta
"Beans, dry",176,1975,57530.0,Frijol
"Broad beans and horse beans, dry",181,1975,20798.0,Haba
Cantaloupes and other melons,568,1975,8477.0,Aceituna
"Cassava, fresh",125,1975,399699.0,Yuca
Cocoa beans,661,1975,2658.0,Cacao
"Coffee, green",656,1975,65387.0,Cafe
Grapes,560,1975,63118.0,Uva
Green corn (maize),446,1975,157799.0,Maiz_choclo
Lemons and limes,497,1975,67561.0,Limon
Maize (corn),56,1975,634687.0,Maiz
"Mangoes, guavas and mangosteens",571,1975,64441.0,Mango
Oil palm fruit,254,1975,4344.0,Palma_aceitera
"Onions and shallots, dry (excluding dehydrated)",403,1975,141554.0,Cebolla
Oranges,490,1975,178272.0,Naranja
Pineapples,574,1975,55940.0,Pina
Potatoes,116,1975,1639586.0,Papa
Rice,27,1975,536835.0,Arroz
Sugar cane,156,1975,9439616.0,Cana_azucar
Sweet potatoes,122,1975,162065.0,Camote
"Tangerines, mandarins, clementines",495,1975,18319.0,Mandarina
Tomatoes,388,1975,70511.0,Tomate
Wheat,15,1975,126324.0,Trigo
Apricots,526,1976,465.0,Papaya
Artichokes,366,1976,2010.0,Alcachofa
Asparagus,367,1976,2745.0,Esparrago
Avocados,572,1976,82938.0,Palta
"Beans, dry",176,1976,59610.0,Frijol
"Broad beans and horse beans, dry",181,1976,20597.0,Haba
Cantaloupes and other melons,568,1976,9620.0,Aceituna
"Cassava, fresh",125,1976,402486.0,Yuca
Cocoa beans,661,1976,2607.0,Cacao
"Coffee, green",656,1976,65445.0,Cafe
Grapes,560,1976,63703.0,Uva
Green corn (maize),446,1976,145168.0,Maiz_choclo
Lemons and limes,497,1976,66682.0,Limon
Maize (corn),56,1976,725659.0,Maiz
"Mangoes, guavas and mangosteens",571,1976,69319.0,Mango
Oil palm fruit,254,1976,4118.0,Palma_aceitera
"Onions and shallots, dry (excluding dehydrated)",403,1976,153862.0,Cebolla
Oranges,490,1976,172924.0,Naranja
Pineapples,574,1976,55300.0,Pina
Potatoes,116,1976,1667000.0,Papa
Rice,27,1976,570415.0,Arroz
Sugar cane,156,1976,9227137.0,Cana_azucar
Sweet potatoes,122,1976,162547.0,Camote
"Tangerines, mandarins, clementines",495,1976,18038.0,Mandarina
Tomatoes,388,1976,69514.0,Tomate
Wheat,15,1976,127497.0,Trigo
Apricots,526,1977,423.0,Papaya
Artichokes,366,1977,1362.0,Alcachofa
Asparagus,367,1977,4171.0,Esparrago
Avocados,572,1977,83916.0,Palta
"Beans, dry",176,1977,56109.0,Frijol
"Broad beans and horse beans, dry",181,1977,20859.0,Haba
Cantaloupes and other melons,568,1977,8493.0,Aceituna
"Cassava, fresh",125,1977,413973.0,Yuca
Cocoa beans,661,1977,3998.0,Cacao
"Coffee, green",656,1977,80190.0,Cafe
Grapes,560,1977,55009.0,Uva
Green corn (maize),446,1977,134630.0,Maiz_choclo
Lemons and limes,497,1977,88236.0,Limon
Maize (corn),56,1977,733873.0,Maiz
"Mangoes, guavas and mangosteens",571,1977,86921.0,Mango
Oil palm fruit,254,1977,17959.0,Palma_aceitera
"Onions and shallots, dry (excluding dehydrated)",403,1977,157403.0,Cebolla
Oranges,490,1977,157896.0,Naranja
Pineapples,574,1977,50607.0,Pina
Potatoes,116,1977,1615582.0,Papa
Rice,27,1977,594010.0,Arroz
Sugar cane,156,1977,9293310.0,Cana_azucar
Sweet potatoes,122,1977,157668.0,Camote
"Tangerines, mandarins, clementines",495,1977,19210.0,Mandarina
Tomatoes,388,1977,75525.0,Tomate
Wheat,15,1977,115385.0,Trigo
Apricots,526,1978,520.0,Papaya
Artichokes,366,1978,1161.0,Alcachofa
Asparagus,367,1978,5466.0,Esparrago
Avocados,572,1978,83480.0,Palta
"Beans, dry",176,1978,54452.0,Frijol
"Broad beans and horse beans, dry",181,1978,20249.0,Haba
Cantaloupes and other melons,568,1978,8226.0,Aceituna
"Cassava, fresh",125,1978,409985.0,Yuca
Cocoa beans,661,1978,4039.0,Cacao
"Coffee, green",656,1978,88166.0,Cafe
Grapes,560,1978,51160.0,Uva
Green corn (maize),446,1978,135482.0,Maiz_choclo
Lemons and limes,497,1978,87814.0,Limon
Maize (corn),56,1978,590014.0,Maiz
"Mangoes, guavas and mangosteens",571,1978,79386.0,Mango
Oil palm fruit,254,1978,21954.0,Palma_aceitera
"Onions and shallots, dry (excluding dehydrated)",403,1978,140816.0,Cebolla
Oranges,490,1978,152518.0,Naranja
Pineapples,574,1978,46616.0,Pina
Potatoes,116,1978,1695324.0,Papa
Rice,27,1978,467758.0,Arroz
Sugar cane,156,1978,8422860.0,Cana_azucar
Sweet potatoes,122,1978,153252.0,Camote
"Tangerines, mandarins, clementines",495,1978,19587.0,Mandarina
Tomatoes,388,1978,63188.0,Tomate
Wheat,15,1978,104401.0,Trigo
Apricots,526,1979,503.0,Papaya
Artichokes,366,1979,841.0,Alcachofa
Asparagus,367,1979,7079.0,Esparrago
Avocados,572,1979,82606.0,Palta
"Beans, dry",176,1979,54865.0,Frijol
"Broad beans and horse beans, dry",181,1979,20628.0,Haba
Cantaloupes and other melons,568,1979,6381.0,Aceituna
"Cassava, fresh",125,1979,402565.0,Yuca
Cocoa beans,661,1979,4262.0,Cacao
"Coffee, green",656,1979,105478.0,Cafe
Grapes,560,1979,50767.0,Uva
Green corn (maize),446,1979,129334.0,Maiz_choclo
Lemons and limes,497,1979,75099.0,Limon
Maize (corn),56,1979,621457.0,Maiz
"Mangoes, guavas and mangosteens",571,1979,79899.0,Mango
Oil palm fruit,254,1979,24053.0,Palma_aceitera
"Onions and shallots, dry (excluding dehydrated)",403,1979,146935.0,Cebolla
Oranges,490,1979,145154.0,Naranja
Pineapples,574,1979,45734.0,Pina
Potatoes,116,1979,1695116.0,Papa
Rice,27,1979,560399.0,Arroz
Sugar cane,156,1979,7505970.0,Cana_azucar
Sweet potatoes,122,1979,149271.0,Camote
"Tangerines, mandarins, clementines",495,1979,21103.0,Mandarina
Tomatoes,388,1979,62442.0,Tomate
Wheat,15,1979,102060.0,Trigo
Apricots,526,1980,472.0,Papaya
Artichokes,366,1980,1100.0,Alcachofa
Asparagus,367,1980,4428.0,Esparrago
Avocados,572,1980,73518.0,Palta
"Beans, dry",176,1980,50843.0,Frijol
"Broad beans and horse beans, dry",181,1980,22217.0,Haba
Cantaloupes and other melons,568,1980,5639.0,Aceituna
"Cassava, fresh",125,1980,471476.0,Yuca
Cocoa beans,661,1980,4420.0,Cacao
"Coffee, green",656,1980,86177.0,Cafe
Grapes,560,1980,56496.0,Uva
Green corn (maize),446,1980,120896.0,Maiz_choclo
Lemons and limes,497,1980,71465.0,Limon
Maize (corn),56,1980,493307.0,Maiz
"Mangoes, guavas and mangosteens",571,1980,58584.0,Mango
Oil palm fruit,254,1980,60000.0,Palma_aceitera
"Onions and shallots, dry (excluding dehydrated)",403,1980,128481.0,Cebolla
Oranges,490,1980,125576.0,Naranja
Pineapples,574,1980,57605.0,Pina
Potatoes,116,1980,1511933.0,Papa
Rice,27,1980,441233.0,Arroz
Sugar cane,156,1980,6054521.0,Cana_azucar
Sweet potatoes,122,1980,142710.0,Camote
"Tangerines, mandarins, clementines",495,1980,19198.0,Mandarina
Tomatoes,388,1980,67271.0,Tomate
Wheat,15,1980,77148.0,Trigo
Apricots,526,1981,475.0,Papaya
Artichokes,366,1981,1589.0,Alcachofa
Asparagus,367,1981,7575.0,Esparrago
Avocados,572,1981,77005.0,Palta
"Beans, dry",176,1981,55910.0,Frijol
"Broad beans and horse beans, dry",181,1981,24375.0,Haba
Cantaloupes and other melons,568,1981,6441.0,Aceituna
"Cassava, fresh",125,1981,485194.0,Yuca
Cocoa beans,661,1981,5312.0,Cacao
"Coffee, green",656,1981,79360.0,Cafe
Grapes,560,1981,55034.0,Uva
Green corn (maize),446,1981,123926.0,Maiz_choclo
Lemons and limes,497,1981,77873.0,Limon
Maize (corn),56,1981,590805.0,Maiz
"Mangoes, guavas and mangosteens",571,1981,80316.0,Mango
Oil palm fruit,254,1981,62000.0,Palma_aceitera
"Onions and shallots, dry (excluding dehydrated)",403,1981,125820.0,Cebolla
Oranges,490,1981,139273.0,Naranja
Pineapples,574,1981,54967.0,Pina
Potatoes,116,1981,1832773.0,Papa
Rice,27,1981,760176.0,Arroz
Sugar cane,156,1981,5653755.0,Cana_azucar
Sweet potatoes,122,1981,155882.0,Camote
"Tangerines, mandarins, clementines",495,1981,21704.0,Mandarina
Tomatoes,388,1981,65413.0,Tomate
Wheat,15,1981,116678.0,Trigo
Apricots,526,1982,443.0,Papaya
Artichokes,366,1982,1510.0,Alcachofa
Asparagus,367,1982,8292.0,Esparrago
Avocados,572,1982,86107.0,Palta
"Beans, dry",176,1982,54481.0,Frijol
"Broad beans and horse beans, dry",181,1982,26653.0,Haba
Cantaloupes and other melons,568,1982,5032.0,Aceituna
"Cassava, fresh",125,1982,479673.0,Yuca
Cocoa beans,661,1982,6045.0,Cacao
"Coffee, green",656,1982,79422.0,Cafe
Grapes,560,1982,49418.0,Uva
Green corn (maize),446,1982,143038.0,Maiz_choclo
Lemons and limes,497,1982,73539.0,Limon
Maize (corn),56,1982,658558.0,Maiz
"Mangoes, guavas and mangosteens",571,1982,63000.0,Mango
Oil palm fruit,254,1982,64000.0,Palma_aceitera
"Onions and shallots, dry (excluding dehydrated)",403,1982,135167.0,Cebolla
Oranges,490,1982,137548.0,Naranja
Pineapples,574,1982,62011.0,Pina
Potatoes,116,1982,1721265.0,Papa
Rice,27,1982,825730.0,Arroz
Sugar cane,156,1982,7115266.0,Cana_azucar
Sweet potatoes,122,1982,151112.0,Camote
"Tangerines, mandarins, clementines",495,1982,22072.0,Mandarina
Tomatoes,388,1982,96374.0,Tomate
Wheat,15,1982,102711.0,Trigo
Apricots,526,1983,323.0,Papaya
Artichokes,366,1983,1502.0,Alcachofa
Asparagus,367,1983,8800.0,Esparrago
Avocados,572,1983,77556.0,Palta
"Beans, dry",176,1983,42443.0,Frijol
"Broad beans and horse beans, dry",181,1983,22642.0,Haba
Cantaloupes and other melons,568,1983,5997.0,Aceituna
"Cassava, fresh",125,1983,485443.0,Yuca
Cocoa beans,661,1983,6145.0,Cacao
"Coffee, green",656,1983,85637.0,Cafe
Grapes,560,1983,45467.0,Uva
Green corn (maize),446,1983,117833.0,Maiz_choclo
Lemons and limes,497,1983,50822.0,Limon
Maize (corn),56,1983,625645.0,Maiz
"Mangoes, guavas and mangosteens",571,1983,54715.0,Mango
Oil palm fruit,254,1983,70000.0,Palma_aceitera
"Onions and shallots, dry (excluding dehydrated)",403,1983,120233.0,Cebolla
Oranges,490,1983,128006.0,Naranja
Pineapples,574,1983,62193.0,Pina
Potatoes,116,1983,1317254.0,Papa
Rice,27,1983,799032.0,Arroz
Sugar cane,156,1983,7062810.0,Cana_azucar
Sweet potatoes,122,1983,156721.0,Camote
"Tangerines, mandarins, clementines",495,1983,22435.0,Mandarina
Tomatoes,388,1983,67713.0,Tomate
Wheat,15,1983,83720.0,Trigo
Apricots,526,1984,368.0,Papaya
Artichokes,366,1984,1536.0,Alcachofa
Asparagus,367,1984,11393.0,Esparrago
Avocados,572,1984,83012.0,Palta
"Beans, dry",176,1984,51702.0,Frijol
"Broad beans and horse beans, dry",181,1984,22500.0,Haba
Cantaloupes and other melons,568,1984,8460.0,Aceituna
"Cassava, fresh",125,1984,498521.0,Yuca
Cocoa beans,661,1984,6501.0,Cacao
"Coffee, green",656,1984,83357.0,Cafe
Grapes,560,1984,35600.0,Uva
Green corn (maize),446,1984,130432.0,Maiz_choclo
Lemons and limes,497,1984,90605.0,Limon
Maize (corn),56,1984,775558.0,Maiz
"Mangoes, guavas and mangosteens",571,1984,95715.0,Mango
Oil palm fruit,254,1984,80000.0,Palma_aceitera
"Onions and shallots, dry (excluding dehydrated)",403,1984,111023.0,Cebolla
Oranges,490,1984,156125.0,Naranja
Pineapples,574,1984,62539.0,Pina
Potatoes,116,1984,1452206.0,Papa
Rice,27,1984,1139997.0,Arroz
Sugar cane,156,1984,7721563.0,Cana_azucar
Sweet potatoes,122,1984,167574.0,Camote
"Tangerines, mandarins, clementines",495,1984,23759.0,Mandarina
Tomatoes,388,1984,65245.0,Tomate
Wheat,15,1984,87442.0,Trigo
Apricots,526,1985,315.0,Papaya
Artichokes,366,1985,955.0,Alcachofa
Asparagus,367,1985,16150.0,Esparrago
Avocados,572,1985,70707.0,Palta
"Beans, dry",176,1985,50423.0,Frijol
"Broad beans and horse beans, dry",181,1985,22269.0,Haba
Cantaloupes and other melons,568,1985,7837.0,Aceituna
"Cassava, fresh",125,1985,484065.0,Yuca
Cocoa beans,661,1985,8033.0,Cacao
"Coffee, green",656,1985,90736.0,Cafe
Grapes,560,1985,51613.0,Uva
Green corn (maize),446,1985,144516.0,Maiz_choclo
Lemons and limes,497,1985,90711.0,Limon
Maize (corn),56,1985,702470.0,Maiz
"Mangoes, guavas and mangosteens",571,1985,87490.0,Mango
Oil palm fruit,254,1985,48699.0,Palma_aceitera
"Onions and shallots, dry (excluding dehydrated)",403,1985,124029.0,Cebolla
Oranges,490,1985,145438.0,Naranja
Pineapples,574,1985,65383.0,Pina
Potatoes,116,1985,1556770.0,Papa
Rice,27,1985,878279.0,Arroz
Sugar cane,156,1985,8063000.0,Cana_azucar
Sweet potatoes,122,1985,111207.0,Camote
"Tangerines, mandarins, clementines",495,1985,23620.0,Mandarina
Tomatoes,388,1985,69929.0,Tomate
Wheat,15,1985,92303.0,Trigo
Apricots,526,1986,267.0,Papaya
Artichokes,366,1986,953.0,Alcachofa
Asparagus,367,1986,16796.0,Esparrago
Avocados,572,1986,80148.0,Palta
"Beans, dry",176,1986,58050.0,Frijol
"Broad beans and horse beans, dry",181,1986,23593.0,Haba
Cantaloupes and other melons,568,1986,8390.0,Aceituna
"Cassava, fresh",125,1986,507170.0,Yuca
Cocoa beans,661,1986,11082.0,Cacao
"Coffee, green",656,1986,96054.0,Cafe
Grapes,560,1986,46787.0,Uva
Green corn (maize),446,1986,145077.0,Maiz_choclo
Lemons and limes,497,1986,115761.0,Limon
Maize (corn),56,1986,876307.0,Maiz
"Mangoes, guavas and mangosteens",571,1986,80488.0,Mango
Oil palm fruit,254,1986,51068.0,Palma_aceitera
"Onions and shallots, dry (excluding dehydrated)",403,1986,132078.0,Cebolla
Oranges,490,1986,155762.0,Naranja
Pineapples,574,1986,67523.0,Pina
Potatoes,116,1986,1657540.0,Papa
Rice,27,1986,725915.0,Arroz
Sugar cane,156,1986,7010300.0,Cana_azucar
Sweet potatoes,122,1986,149567.0,Camote
"Tangerines, mandarins, clementines",495,1986,27174.0,Mandarina
Tomatoes,388,1986,82818.0,Tomate
Wheat,15,1986,121143.0,Trigo
Apricots,526,1987,325.0,Papaya
Artichokes,366,1987,1077.0,Alcachofa
Asparagus,367,1987,20344.0,Esparrago
Avocados,572,1987,83873.0,Palta
"Beans, dry",176,1987,60438.0,Frijol
"Broad beans and horse beans, dry",181,1987,22392.0,Haba
Cantaloupes and other melons,568,1987,9812.0,Aceituna
"Cassava, fresh",125,1987,537033.0,Yuca
Cocoa beans,661,1987,14080.0,Cacao
"Coffee, green",656,1987,98538.0,Cafe
Grapes,560,1987,56401.0,Uva
Green corn (maize),446,1987,161691.0,Maiz_choclo
Lemons and limes,497,1987,138264.0,Limon
Maize (corn),56,1987,909434.0,Maiz
"Mangoes, guavas and mangosteens",571,1987,50641.0,Mango
Oil palm fruit,254,1987,114190.0,Palma_aceitera
"Onions and shallots, dry (excluding dehydrated)",403,1987,132397.0,Cebolla
Oranges,490,1987,184208.0,Naranja
Pineapples,574,1987,73480.0,Pina
Potatoes,116,1987,1707129.0,Papa
Rice,27,1987,1168600.0,Arroz
Sugar cane,156,1987,6811000.0,Cana_azucar
Sweet potatoes,122,1987,141372.0,Camote
"Tangerines, mandarins, clementines",495,1987,32196.0,Mandarina
Tomatoes,388,1987,91900.0,Tomate
Wheat,15,1987,130690.0,Trigo
Apricots,526,1988,285.0,Papaya
Artichokes,366,1988,1110.0,Alcachofa
Asparagus,367,1988,26646.0,Esparrago
Avocados,572,1988,86200.0,Palta
"Beans, dry",176,1988,56882.0,Frijol
"Broad beans and horse beans, dry",181,1988,22659.0,Haba
Cantaloupes and other melons,568,1988,8551.0,Aceituna
"Cassava, fresh",125,1988,477355.0,Yuca
Cocoa beans,661,1988,16658.0,Cacao
"Coffee, green",656,1988,99414.0,Cafe
Grapes,560,1988,47352.0,Uva
Green corn (maize),446,1988,165518.0,Maiz_choclo
Lemons and limes,497,1988,111880.0,Limon
Maize (corn),56,1988,908336.0,Maiz
"Mangoes, guavas and mangosteens",571,1988,75783.0,Mango
Oil palm fruit,254,1988,103606.0,Palma_aceitera
"Onions and shallots, dry (excluding dehydrated)",403,1988,154901.0,Cebolla
Oranges,490,1988,193908.0,Naranja
Pineapples,574,1988,81740.0,Pina
Potatoes,116,1988,2108064.0,Papa
Rice,27,1988,1129240.0,Arroz
Sugar cane,156,1988,6700000.0,Cana_azucar
Sweet potatoes,122,1988,121446.0,Camote
"Tangerines, mandarins, clementines",495,1988,36667.0,Mandarina
Tomatoes,388,1988,80710.0,Tomate
Wheat,15,1988,152804.0,Trigo
Apricots,526,1989,306.0,Papaya
Artichokes,366,1989,967.0,Alcachofa
Asparagus,367,1989,41904.0,Esparrago
Avocados,572,1989,87318.0,Palta
"Beans, dry",176,1989,58604.0,Frijol
"Broad beans and horse beans, dry",181,1989,20117.0,Haba
Cantaloupes and other melons,568,1989,9295.0,Aceituna
"Cassava, fresh",125,1989,471731.0,Yuca
Cocoa beans,661,1989,17813.0,Cacao
"Coffee, green",656,1989,105753.0,Cafe
Grapes,560,1989,65467.0,Uva
Green corn (maize),446,1989,181215.0,Maiz_choclo
Lemons and limes,497,1989,206236.0,Limon
Maize (corn),56,1989,1009860.0,Maiz
"Mangoes, guavas and mangosteens",571,1989,67180.0,Mango
Oil palm fruit,254,1989,134860.0,Palma_aceitera
"Onions and shallots, dry (excluding dehydrated)",403,1989,159497.0,Cebolla
Oranges,490,1989,190745.0,Naranja
Pineapples,574,1989,88917.0,Pina
Potatoes,116,1989,1690466.0,Papa
Rice,27,1989,1091430.0,Arroz
Sugar cane,156,1989,7085000.0,Cana_azucar
Sweet potatoes,122,1989,145546.0,Camote
"Tangerines, mandarins, clementines",495,1989,42129.0,Mandarina
Tomatoes,388,1989,78183.0,Tomate
Wheat,15,1989,159305.0,Trigo
Apricots,526,1990,311.0,Papaya
Artichokes,366,1990,888.0,Alcachofa
Asparagus,367,1990,57996.0,Esparrago
Avocados,572,1990,87928.0,Palta
"Beans, dry",176,1990,50337.0,Frijol
"Broad beans and horse beans, dry",181,1990,13111.0,Haba
Cantaloupes and other melons,568,1990,8131.0,Aceituna
"Cassava, fresh",125,1990,381069.0,Yuca
Cocoa beans,661,1990,14796.0,Cacao
"Coffee, green",656,1990,81142.0,Cafe
Grapes,560,1990,55431.0,Uva
Green corn (maize),446,1990,161983.0,Maiz_choclo
Lemons and limes,497,1990,189145.0,Limon
Maize (corn),56,1990,631815.0,Maiz
"Mangoes, guavas and mangosteens",571,1990,61118.0,Mango
Oil palm fruit,254,1990,115800.0,Palma_aceitera
"Onions and shallots, dry (excluding dehydrated)",403,1990,151050.0,Cebolla
Oranges,490,1990,162624.0,Naranja
Pineapples,574,1990,68423.0,Pina
Potatoes,116,1990,1153979.0,Papa
Rice,27,1990,966101.0,Arroz
Sugar cane,156,1990,6700000.0,Cana_azucar
Sweet potatoes,122,1990,207757.0,Camote
"Tangerines, mandarins, clementines",495,1990,41163.0,Mandarina
Tomatoes,388,1990,88487.0,Tomate
Wheat,15,1990,88487.0,Trigo
Apricots,526,1991,268.0,Papaya
Artichokes,366,1991,898.0,Alcachofa
Asparagus,367,1991,64663.0,Esparrago
Avocados,572,1991,85709.0,Palta
"Beans, dry",176,1991,53004.0,Frijol
"Broad beans and horse beans, dry",181,1991,28089.0,Haba
Cantaloupes and other melons,568,1991,7059.0,Aceituna
"Cassava, fresh",125,1991,410693.0,Yuca
Cocoa beans,661,1991,15473.0,Cacao
"Coffee, green",656,1991,82635.0,Cafe
Grapes,560,1991,56100.0,Uva
Green corn (maize),446,1991,169039.0,Maiz_choclo
Lemons and limes,497,1991,224343.0,Limon
Maize (corn),56,1991,659779.0,Maiz
"Mangoes, guavas and mangosteens",571,1991,67909.0,Mango
Oil palm fruit,254,1991,106100.0,Palma_aceitera
"Onions and shallots, dry (excluding dehydrated)",403,1991,131648.0,Cebolla
Oranges,490,1991,173732.0,Naranja
Pineapples,574,1991,76175.0,Pina
Potatoes,116,1991,1453560.0,Papa
Rice,27,1991,814168.0,Arroz
Sugar cane,156,1991,6500000.0,Cana_azucar
Sweet potatoes,122,1991,143437.0,Camote
"Tangerines, mandarins, clementines",495,1991,54700.0,Mandarina
Tomatoes,388,1991,87275.0,Tomate
Wheat,15,1991,87275.0,Trigo
Apricots,526,1992,206.0,Papaya
Artichokes,366,1992,1010.0,Alcachofa
Asparagus,367,1992,73676.0,Esparrago
Avocados,572,1992,96181.0,Palta
"Beans, dry",176,1992,44096.0,Frijol
"Broad beans and horse beans, dry",181,1992,15597.0,Haba
Cantaloupes and other melons,568,1992,5633.0,Aceituna
"Cassava, fresh",125,1992,386373.0,Yuca
Cocoa beans,661,1992,15000.0,Cacao
"Coffee, green",656,1992,86519.0,Cafe
Grapes,560,1992,43363.0,Uva
Green corn (maize),446,1992,157466.0,Maiz_choclo
Lemons and limes,497,1992,203164.0,Limon
Maize (corn),56,1992,519965.0,Maiz
"Mangoes, guavas and mangosteens",571,1992,66866.0,Mango
Oil palm fruit,254,1992,99800.0,Palma_aceitera
"Onions and shallots, dry (excluding dehydrated)",403,1992,149732.0,Cebolla
Oranges,490,1992,121317.0,Naranja
Pineapples,574,1992,77296.0,Pina
Potatoes,116,1992,1003080.0,Papa
Rice,27,1992,829373.0,Arroz
Sugar cane,156,1992,5500000.0,Cana_azucar
Sweet potatoes,122,1992,150272.0,Camote
"Tangerines, mandarins, clementines",495,1992,53632.0,Mandarina
Tomatoes,388,1992,93787.0,Tomate
Wheat,15,1992,93787.0,Trigo
Apricots,526,1993,227.0,Papaya
Artichokes,366,1993,988.0,Alcachofa
Asparagus,367,1993,97322.0,Esparrago
Avocados,572,1993,92658.0,Palta
"Beans, dry",176,1993,54030.0,Frijol
"Broad beans and horse beans, dry",181,1993,24702.0,Haba
Cantaloupes and other melons,568,1993,5476.0,Aceituna
"Cassava, fresh",125,1993,438530.0,Yuca
Cocoa beans,661,1993,14970.0,Cacao
"Coffee, green",656,1993,85603.0,Cafe
Grapes,560,1993,47441.0,Uva
Green corn (maize),446,1993,173472.0,Maiz_choclo
Lemons and limes,497,1993,192141.0,Limon
Maize (corn),56,1993,772382.0,Maiz
"Mangoes, guavas and mangosteens",571,1993,84868.0,Mango
Oil palm fruit,254,1993,133500.0,Palma_aceitera
"Onions and shallots, dry (excluding dehydrated)",403,1993,150820.0,Cebolla
Oranges,490,1993,151737.0,Naranja
Pineapples,574,1993,92936.0,Pina
Potatoes,116,1993,1492700.0,Papa
Rice,27,1993,967627.0,Arroz
Sugar cane,156,1993,5000000.0,Cana_azucar
Sweet potatoes,122,1993,197602.0,Camote
"Tangerines, mandarins, clementines",495,1993,55096.0,Mandarina
Tomatoes,388,1993,125595.0,Tomate
Wheat,15,1993,125595.0,Trigo
Apricots,526,1994,212.0,Papaya
Artichokes,366,1994,1382.0,Alcachofa
Asparagus,367,1994,131387.0,Esparrago
Avocados,572,1994,53112.0,Palta
"Beans, dry",176,1994,62802.0,Frijol
"Broad beans and horse beans, dry",181,1994,25920.0,Haba
Cantaloupes and other melons,568,1994,10902.0,Aceituna
"Cassava, fresh",125,1994,512492.0,Yuca
Cocoa beans,661,1994,13446.0,Cacao
"Coffee, green",656,1994,91340.0,Cafe
Grapes,560,1994,64916.0,Uva
Green corn (maize),446,1994,195640.0,Maiz_choclo
Lemons and limes,497,1994,235468.0,Limon
Maize (corn),56,1994,725069.0,Maiz
"Mangoes, guavas and mangosteens",571,1994,153416.0,Mango
Oil palm fruit,254,1994,145073.0,Palma_aceitera
"Onions and shallots, dry (excluding dehydrated)",403,1994,187108.0,Cebolla
Oranges,490,1994,204168.0,Naranja
Pineapples,574,1994,101908.0,Pina
Potatoes,116,1994,1767247.0,Papa
Rice,27,1994,1401393.0,Arroz
Sugar cane,156,1994,6100000.0,Cana_azucar
Sweet potatoes,122,1994,142258.0,Camote
"Tangerines, mandarins, clementines",495,1994,73067.0,Mandarina
Tomatoes,388,1994,217739.0,Tomate
Wheat,15,1994,127035.0,Trigo
Apricots,526,1995,240.0,Papaya
Artichokes,366,1995,1881.0,Alcachofa
Asparagus,367,1995,108138.0,Esparrago
Avocados,572,1995,53145.0,Palta
"Beans, dry",176,1995,59531.0,Frijol
"Broad beans and horse beans, dry",181,1995,27947.0,Haba
Cantaloupes and other melons,568,1995,12197.0,Aceituna
"Cassava, fresh",125,1995,547439.0,Yuca
Cocoa beans,661,1995,22704.0,Cacao
"Coffee, green",656,1995,96697.0,Cafe
Grapes,560,1995,81446.0,Uva
Green corn (maize),446,1995,219443.0,Maiz_choclo
Lemons and limes,497,1995,262146.0,Limon
Maize (corn),56,1995,715188.0,Maiz
"Mangoes, guavas and mangosteens",571,1995,126972.0,Mango
Oil palm fruit,254,1995,134100.0,Palma_aceitera
"Onions and shallots, dry (excluding dehydrated)",403,1995,184727.0,Cebolla
Oranges,490,1995,228280.0,Naranja
Pineapples,574,1995,106746.0,Pina
Potatoes,116,1995,2368441.0,Papa
Rice,27,1995,1141550.0,Arroz
Sugar cane,156,1995,7000000.0,Cana_azucar
Sweet potatoes,122,1995,155719.0,Camote
"Tangerines, mandarins, clementines",495,1995,83020.0,Mandarina
Tomatoes,388,1995,170674.0,Tomate
Wheat,15,1995,125048.0,Trigo
Apricots,526,1996,217.0,Papaya
Artichokes,366,1996,5264.0,Alcachofa
Asparagus,367,1996,127598.0,Esparrago
Avocados,572,1996,64408.0,Palta
"Beans, dry",176,1996,69043.0,Frijol
"Broad beans and horse beans, dry",181,1996,31178.0,Haba
Cantaloupes and other melons,568,1996,10882.0,Aceituna
"Cassava, fresh",125,1996,702949.0,Yuca
Cocoa beans,661,1996,22867.0,Cacao
"Coffee, green",656,1996,106520.0,Cafe
Grapes,560,1996,90514.0,Uva
Green corn (maize),446,1996,202732.0,Maiz_choclo
Lemons and limes,497,1996,275549.0,Limon
Maize (corn),56,1996,1013192.0,Maiz
"Mangoes, guavas and mangosteens",571,1996,110799.0,Mango
Oil palm fruit,254,1996,128098.0,Palma_aceitera
"Onions and shallots, dry (excluding dehydrated)",403,1996,236115.0,Cebolla
Oranges,490,1996,223460.0,Naranja
Pineapples,574,1996,112835.0,Pina
Potatoes,116,1996,2308900.0,Papa
Rice,27,1996,1203168.0,Arroz
Sugar cane,156,1996,6700000.0,Cana_azucar
Sweet potatoes,122,1996,164001.0,Camote
"Tangerines, mandarins, clementines",495,1996,113450.0,Mandarina
Tomatoes,388,1996,214983.0,Tomate
Wheat,15,1996,146152.0,Trigo
Apricots,526,1997,239.0,Papaya
Artichokes,366,1997,2238.0,Alcachofa
Asparagus,367,1997,144654.0,Esparrago
Avocados,572,1997,72093.0,Palta
"Beans, dry",176,1997,62687.0,Frijol
"Broad beans and horse beans, dry",181,1997,33241.0,Haba
Cantaloupes and other melons,568,1997,12281.0,Aceituna
"Cassava, fresh",125,1997,744733.0,Yuca
Cocoa beans,661,1997,19504.0,Cacao
"Coffee, green",656,1997,133296.0,Cafe
Grapes,560,1997,114388.0,Uva
Green corn (maize),446,1997,235744.0,Maiz_choclo
Lemons and limes,497,1997,335356.0,Limon
Maize (corn),56,1997,833360.0,Maiz
"Mangoes, guavas and mangosteens",571,1997,129657.0,Mango
Oil palm fruit,254,1997,143760.0,Palma_aceitera
"Onions and shallots, dry (excluding dehydrated)",403,1997,289563.0,Cebolla
Oranges,490,1997,220874.0,Naranja
Pineapples,574,1997,125542.0,Pina
Potatoes,116,1997,2403510.0,Papa
Rice,27,1997,1459830.0,Arroz
Sugar cane,156,1997,7500000.0,Cana_azucar
Sweet potatoes,122,1997,256370.0,Camote
"Tangerines, mandarins, clementines",495,1997,98643.0,Mandarina
Tomatoes,388,1997,226013.0,Tomate
Wheat,15,1997,123689.0,Trigo
Apricots,526,1998,196.0,Papaya
Artichokes,366,1998,2449.0,Alcachofa
Asparagus,367,1998,137943.0,Esparrago
Avocados,572,1998,67222.0,Palta
"Beans, dry",176,1998,68816.0,Frijol
"Broad beans and horse beans, dry",181,1998,38129.0,Haba
Cantaloupes and other melons,568,1998,12619.0,Aceituna
"Cassava, fresh",125,1998,881262.0,Yuca
Cocoa beans,661,1998,22134.0,Cacao
"Coffee, green",656,1998,144763.0,Cafe
Grapes,560,1998,75922.0,Uva
Green corn (maize),446,1998,297743.0,Maiz_choclo
Lemons and limes,497,1998,218349.0,Limon
Maize (corn),56,1998,939079.0,Maiz
"Mangoes, guavas and mangosteens",571,1998,139078.0,Mango
Oil palm fruit,254,1998,173184.0,Palma_aceitera
"Onions and shallots, dry (excluding dehydrated)",403,1998,314941.0,Cebolla
Oranges,490,1998,229213.0,Naranja
Pineapples,574,1998,128583.0,Pina
Potatoes,116,1998,2631650.0,Papa
Rice,27,1998,1548780.0,Arroz
Sugar cane,156,1998,6300000.0,Cana_azucar
Sweet potatoes,122,1998,222681.0,Camote
"Tangerines, mandarins, clementines",495,1998,89756.0,Mandarina
Tomatoes,388,1998,179070.0,Tomate
Wheat,15,1998,146640.0,Trigo
Apricots,526,1999,145.0,Papaya
Artichokes,366,1999,2662.0,Alcachofa
Asparagus,367,1999,174863.0,Esparrago
Avocados,572,1999,78037.0,Palta
"Beans, dry",176,1999,70501.0,Frijol
"Broad beans and horse beans, dry",181,1999,40856.0,Haba
Cantaloupes and other melons,568,1999,13199.0,Aceituna
"Cassava, fresh",125,1999,876987.0,Yuca
Cocoa beans,661,1999,20964.0,Cacao
"Coffee, green",656,1999,167145.0,Cafe
Grapes,560,1999,98204.0,Uva
Green corn (maize),446,1999,348346.0,Maiz_choclo
Lemons and limes,497,1999,235850.0,Limon
Maize (corn),56,1999,1057020.0,Maiz
"Mangoes, guavas and mangosteens",571,1999,191495.0,Mango
Oil palm fruit,254,1999,198852.0,Palma_aceitera
"Onions and shallots, dry (excluding dehydrated)",403,1999,366918.0,Cebolla
Oranges,490,1999,257018.0,Naranja
Pineapples,574,1999,144466.0,Pina
Potatoes,116,1999,3064900.0,Papa
Rice,27,1999,1955027.0,Arroz
Sugar cane,156,1999,6678570.0,Cana_azucar
Sweet potatoes,122,1999,244671.0,Camote
"Tangerines, mandarins, clementines",495,1999,116771.0,Mandarina
Tomatoes,388,1999,166458.0,Tomate
Wheat,15,1999,169613.0,Trigo
Apricots,526,2000,165.0,Papaya
Artichokes,366,2000,4310.0,Alcachofa
Asparagus,367,2000,168356.0,Esparrago
Avocados,572,2000,83671.0,Palta
"Beans, dry",176,2000,69815.0,Frijol
"Broad beans and horse beans, dry",181,2000,48805.0,Haba
Cantaloupes and other melons,568,2000,15138.0,Aceituna
"Cassava, fresh",125,2000,882517.0,Yuca
Cocoa beans,661,2000,25049.0,Cacao
"Coffee, green",656,2000,191651.0,Cafe
Grapes,560,2000,107035.0,Uva
Green corn (maize),446,2000,370451.0,Maiz_choclo
Lemons and limes,497,2000,238179.0,Limon
Maize (corn),56,2000,1240969.0,Maiz
"Mangoes, guavas and mangosteens",571,2000,125185.0,Mango
Oil palm fruit,254,2000,140088.0,Palma_aceitera
"Onions and shallots, dry (excluding dehydrated)",403,2000,383495.0,Cebolla
Oranges,490,2000,255747.0,Naranja
Pineapples,574,2000,137668.0,Pina
Potatoes,116,2000,3274860.0,Papa
Rice,27,2000,1892100.0,Arroz
Sugar cane,156,2000,7535150.0,Cana_azucar
Sweet potatoes,122,2000,245779.0,Camote
"Tangerines, mandarins, clementines",495,2000,128609.0,Mandarina
Tomatoes,388,2000,250500.0,Tomate
Wheat,15,2000,187746.0,Trigo
Apricots,526,2001,160.0,Papaya
Artichokes,366,2001,6772.0,Alcachofa
Asparagus,367,2001,184061.0,Esparrago
Avocados,572,2001,93459.0,Palta
"Beans, dry",176,2001,61280.0,Frijol
"Broad beans and horse beans, dry",181,2001,45050.0,Haba
Cantaloupes and other melons,568,2001,15754.0,Aceituna
"Cassava, fresh",125,2001,857055.0,Yuca
Cocoa beans,661,2001,23652.0,Cacao
"Coffee, green",656,2001,196232.0,Cafe
Grapes,560,2001,127516.0,Uva
Green corn (maize),446,2001,369437.0,Maiz_choclo
Lemons and limes,497,2001,204004.0,Limon
Maize (corn),56,2001,1310920.0,Maiz
"Mangoes, guavas and mangosteens",571,2001,144914.0,Mango
Oil palm fruit,254,2001,175821.0,Palma_aceitera
"Onions and shallots, dry (excluding dehydrated)",403,2001,416037.0,Cebolla
Oranges,490,2001,278219.0,Naranja
Pineapples,574,2001,150570.0,Pina
Potatoes,116,2001,2690544.0,Papa
Rice,27,2001,2026970.0,Arroz
Sugar cane,156,2001,7795950.0,Cana_azucar
Sweet potatoes,122,2001,254113.0,Camote
"Tangerines, mandarins, clementines",495,2001,129488.0,Mandarina
Tomatoes,388,2001,188971.0,Tomate
Wheat,15,2001,181805.0,Trigo
Apricots,526,2002,165.0,Papaya
Artichokes,366,2002,8406.0,Alcachofa
Asparagus,367,2002,181165.0,Esparrago
Avocados,572,2002,94236.0,Palta
"Beans, dry",176,2002,62424.0,Frijol
"Broad beans and horse beans, dry",181,2002,48421.0,Haba
Cantaloupes and other melons,568,2002,11259.0,Aceituna
"Cassava, fresh",125,2002,890135.0,Yuca
Cocoa beans,661,2002,24219.0,Cacao
"Coffee, green",656,2002,212770.0,Cafe
Grapes,560,2002,135530.0,Uva
Green corn (maize),446,2002,399621.0,Maiz_choclo
Lemons and limes,497,2002,254343.0,Limon
Maize (corn),56,2002,1290862.0,Maiz
"Mangoes, guavas and mangosteens",571,2002,179627.0,Mango
Oil palm fruit,254,2002,148965.0,Palma_aceitera
"Onions and shallots, dry (excluding dehydrated)",403,2002,463075.0,Cebolla
Oranges,490,2002,292361.0,Naranja
Pineapples,574,2002,156318.0,Pina
Potatoes,116,2002,3298162.0,Papa
Rice,27,2002,2118679.0,Arroz
Sugar cane,156,2002,8869810.0,Cana_azucar
Sweet potatoes,122,2002,223927.0,Camote
"Tangerines, mandarins, clementines",495,2002,133198.0,Mandarina
Tomatoes,388,2002,130631.0,Tomate
Wheat,15,2002,186853.0,Trigo
Apricots,526,2003,170.0,Papaya
Artichokes,366,2003,19752.0,Alcachofa
Asparagus,367,2003,189601.0,Esparrago
Avocados,572,2003,99975.0,Palta
"Beans, dry",176,2003,59196.0,Frijol
"Broad beans and horse beans, dry",181,2003,51556.0,Haba
Cantaloupes and other melons,568,2003,10792.0,Aceituna
"Cassava, fresh",125,2003,909341.0,Yuca
Cocoa beans,661,2003,24214.0,Cacao
"Coffee, green",656,2003,203148.0,Cafe
Grapes,560,2003,145966.0,Uva
Green corn (maize),446,2003,407123.0,Maiz_choclo
Lemons and limes,497,2003,250229.0,Limon
Maize (corn),56,2003,1353812.0,Maiz
"Mangoes, guavas and mangosteens",571,2003,198490.0,Mango
Oil palm fruit,254,2003,180446.0,Palma_aceitera
"Onions and shallots, dry (excluding dehydrated)",403,2003,472876.0,Cebolla
Oranges,490,2003,305757.0,Naranja
Pineapples,574,2003,164731.0,Pina
Potatoes,116,2003,3143874.0,Papa
Rice,27,2003,2132405.0,Arroz
Sugar cane,156,2003,9363960.0,Cana_azucar
Sweet potatoes,122,2003,192876.0,Camote
"Tangerines, mandarins, clementines",495,2003,161209.0,Mandarina
Tomatoes,388,2003,149387.0,Tomate
Wheat,15,2003,190453.0,Trigo
Apricots,526,2004,175.0,Papaya
Artichokes,366,2004,42031.0,Alcachofa
Asparagus,367,2004,192533.0,Esparrago
Avocados,572,2004,108460.0,Palta
"Beans, dry",176,2004,58524.0,Frijol
"Broad beans and horse beans, dry",181,2004,47225.0,Haba
Cantaloupes and other melons,568,2004,12917.0,Aceituna
"Cassava, fresh",125,2004,971035.0,Yuca
Cocoa beans,661,2004,25921.0,Cacao
"Coffee, green",656,2004,231447.0,Cafe
Grapes,560,2004,155445.0,Uva
Green corn (maize),446,2004,377904.0,Maiz_choclo
Lemons and limes,497,2004,210696.0,Limon
Maize (corn),56,2004,1200047.0,Maiz
"Mangoes, guavas and mangosteens",571,2004,277899.0,Mango
Oil palm fruit,254,2004,208538.0,Palma_aceitera
"Onions and shallots, dry (excluding dehydrated)",403,2004,515459.0,Cebolla
Oranges,490,2004,330352.0,Naranja
Pineapples,574,2004,177055.0,Pina
Potatoes,116,2004,3008159.0,Papa
Rice,27,2004,1844896.0,Arroz
Sugar cane,156,2004,7496873.0,Cana_azucar
Sweet potatoes,122,2004,184375.0,Camote
"Tangerines, mandarins, clementines",495,2004,175435.0,Mandarina
Tomatoes,388,2004,183516.0,Tomate
Wheat,15,2004,170411.0,Trigo
Apricots,526,2005,180.0,Papaya
Artichokes,366,2005,67942.0,Alcachofa
Asparagus,367,2005,206026.0,Esparrago
Avocados,572,2005,103417.0,Palta
"Beans, dry",176,2005,71667.0,Frijol
"Broad beans and horse beans, dry",181,2005,52881.0,Haba
Cantaloupes and other melons,568,2005,12847.0,Aceituna
"Cassava, fresh",125,2005,1004454.0,Yuca
Cocoa beans,661,2005,25257.0,Cacao
"Coffee, green",656,2005,188611.0,Cafe
Grapes,560,2005,169540.0,Uva
Green corn (maize),446,2005,351341.0,Maiz_choclo
Lemons and limes,497,2005,225796.0,Limon
Maize (corn),56,2005,1240780.0,Maiz
"Mangoes, guavas and mangosteens",571,2005,235406.0,Mango
Oil palm fruit,254,2005,199941.0,Palma_aceitera
"Onions and shallots, dry (excluding dehydrated)",403,2005,493258.0,Cebolla
Oranges,490,2005,334495.0,Naranja
Pineapples,574,2005,203930.0,Pina
Potatoes,116,2005,3289699.0,Papa
Rice,27,2005,2468357.0,Arroz
Sugar cane,156,2005,6804126.0,Cana_azucar
Sweet potatoes,122,2005,184422.0,Camote
"Tangerines, mandarins, clementines",495,2005,171319.0,Mandarina
Tomatoes,388,2005,159206.0,Tomate
Wheat,15,2005,178460.0,Trigo
Apricots,526,2006,194.0,Papaya
Artichokes,366,2006,113200.0,Alcachofa
Asparagus,367,2006,259954.0,Esparrago
Avocados,572,2006,113259.0,Palta
"Beans, dry",176,2006,83008.0,Frijol
"Broad beans and horse beans, dry",181,2006,57551.0,Haba
Cantaloupes and other melons,568,2006,13024.0,Aceituna
"Cassava, fresh",125,2006,1139925.0,Yuca
Cocoa beans,661,2006,31676.0,Cacao
"Coffee, green",656,2006,273178.0,Cafe
Grapes,560,2006,191642.0,Uva
Green corn (maize),446,2006,360600.0,Maiz_choclo
Lemons and limes,497,2006,226000.0,Limon
Maize (corn),56,2006,1268975.0,Maiz
"Mangoes, guavas and mangosteens",571,2006,320267.0,Mango
Oil palm fruit,254,2006,236374.0,Palma_aceitera
"Onions and shallots, dry (excluding dehydrated)",403,2006,576666.0,Cebolla
Oranges,490,2006,353839.0,Naranja
Pineapples,574,2006,234281.0,Pina
Potatoes,116,2006,3248416.0,Papa
Rice,27,2006,2362260.0,Arroz
Sugar cane,156,2006,7251260.0,Cana_azucar
Sweet potatoes,122,2006,198635.0,Camote
"Tangerines, mandarins, clementines",495,2006,187299.0,Mandarina
Tomatoes,388,2006,169715.0,Tomate
Wheat,15,2006,191082.0,Trigo
Apricots,526,2007,210.0,Papaya
Artichokes,366,2007,134244.0,Alcachofa
Asparagus,367,2007,284103.0,Esparrago
Avocados,572,2007,121720.0,Palta
"Beans, dry",176,2007,81788.0,Frijol
"Broad beans and horse beans, dry",181,2007,61325.0,Haba
Cantaloupes and other melons,568,2007,14827.0,Aceituna
"Cassava, fresh",125,2007,1158042.0,Yuca
Cocoa beans,661,2007,31387.0,Cacao
"Coffee, green",656,2007,225992.0,Cafe
Grapes,560,2007,196604.0,Uva
Green corn (maize),446,2007,332255.0,Maiz_choclo
Lemons and limes,497,2007,280772.0,Limon
Maize (corn),56,2007,1368244.0,Maiz
"Mangoes, guavas and mangosteens",571,2007,294440.0,Mango
Oil palm fruit,254,2007,238448.0,Palma_aceitera
"Onions and shallots, dry (excluding dehydrated)",403,2007,634393.0,Cebolla
Oranges,490,2007,344267.0,Naranja
Pineapples,574,2007,212059.0,Pina
Potatoes,116,2007,3388000.0,Papa
Rice,27,2007,2256000.0,Arroz
Sugar cane,156,2007,8228623.0,Cana_azucar
Sweet potatoes,122,2007,184765.0,Camote
"Tangerines, mandarins, clementines",495,2007,190410.0,Mandarina
Tomatoes,388,2007,173257.0,Tomate
Wheat,15,2007,181552.0,Trigo
Apricots,526,2008,220.0,Papaya
Artichokes,366,2008,126201.0,Alcachofa
Asparagus,367,2008,328374.0,Esparrago
Avocados,572,2008,136303.0,Palta
"Beans, dry",176,2008,86145.0,Frijol
"Broad beans and horse beans, dry",181,2008,64308.0,Haba
Cantaloupes and other melons,568,2008,19302.0,Aceituna
"Cassava, fresh",125,2008,1171818.0,Yuca
Cocoa beans,661,2008,34003.0,Cacao
"Coffee, green",656,2008,273780.0,Cafe
Grapes,560,2008,223371.0,Uva
Green corn (maize),446,2008,374145.0,Maiz_choclo
Lemons and limes,497,2008,233793.0,Limon
Maize (corn),56,2008,1480896.0,Maiz
"Mangoes, guavas and mangosteens",571,2008,322721.0,Mango
Oil palm fruit,254,2008,265250.0,Palma_aceitera
"Onions and shallots, dry (excluding dehydrated)",403,2008,641511.0,Cebolla
Oranges,490,2008,379977.0,Naranja
Pineapples,574,2008,243492.0,Pina
Potatoes,116,2008,3597091.0,Papa
Rice,27,2008,2775800.0,Arroz
Sugar cane,156,2008,9395959.0,Cana_azucar
Sweet potatoes,122,2008,189869.0,Camote
"Tangerines, mandarins, clementines",495,2008,187165.0,Mandarina
Tomatoes,388,2008,210685.0,Tomate
Wheat,15,2008,206936.0,Trigo
Apricots,526,2009,230.0,Papaya
Artichokes,366,2009,115710.0,Alcachofa
Asparagus,367,2009,313880.0,Esparrago
Avocados,572,2009,157415.0,Palta
"Beans, dry",176,2009,98608.0,Frijol
"Broad beans and horse beans, dry",181,2009,69634.0,Haba
Cantaloupes and other melons,568,2009,17613.0,Aceituna
"Cassava, fresh",125,2009,1166017.0,Yuca
Cocoa beans,661,2009,36803.0,Cacao
"Coffee, green",656,2009,243479.0,Cafe
Grapes,560,2009,264367.0,Uva
Green corn (maize),446,2009,394183.0,Maiz_choclo
Lemons and limes,497,2009,207963.0,Limon
Maize (corn),56,2009,1559745.0,Maiz
"Mangoes, guavas and mangosteens",571,2009,170609.0,Mango
Oil palm fruit,254,2009,268268.0,Palma_aceitera
"Onions and shallots, dry (excluding dehydrated)",403,2009,606087.0,Cebolla
Oranges,490,2009,377598.0,Naranja
Pineapples,574,2009,274393.0,Pina
Potatoes,116,2009,3765289.0,Papa
Rice,27,2009,2991157.0,Arroz
Sugar cane,156,2009,10786945.0,Cana_azucar
Sweet potatoes,122,2009,262724.0,Camote
"Tangerines, mandarins, clementines",495,2009,166072.0,Mandarina
Tomatoes,388,2009,221594.0,Tomate
Wheat,15,2009,226265.0,Trigo
Apricots,526,2010,232.3,Papaya
Artichokes,366,2010,127323.0,Alcachofa
Asparagus,367,2010,335209.0,Esparrago
Avocados,572,2010,184370.0,Palta
Bananas,486,2010,2007284.0,Platano
"Beans, dry",176,2010,92758.0,Frijol
Blueberries,552,2010,30.0,Arandano
"Broad beans and horse beans, dry",181,2010,67110.0,Haba
Cantaloupes and other melons,568,2010,15773.0,Aceituna
"Cassava, fresh",125,2010,1240121.0,Yuca
Cocoa beans,661,2010,46613.0,Cacao
"Coffee, green",656,2010,264605.0,Cafe
Grapes,560,2010,280468.0,Uva
Green corn (maize),446,2010,408181.0,Maiz_choclo
Lemons and limes,497,2010,233032.0,Limon
Maize (corn),56,2010,1541195.0,Maiz
"Mangoes, guavas and mangosteens",571,2010,457774.0,Mango
Oil palm fruit,254,2010,291802.0,Palma_aceitera
"Onions and shallots, dry (excluding dehydrated)",403,2010,724042.0,Cebolla
Oranges,490,2010,394573.0,Naranja
Pineapples,574,2010,310566.0,Pina
Potatoes,116,2010,3814373.0,Papa
Rice,27,2010,2831374.0,Arroz
Sugar cane,156,2010,10729961.0,Cana_azucar
Sweet potatoes,122,2010,263456.0,Camote
"Tangerines, mandarins, clementines",495,2010,221324.0,Mandarina
Tomatoes,388,2010,224897.0,Tomate
Wheat,15,2010,219454.0,Trigo
Apricots,526,2011,225.23,Papaya
Artichokes,366,2011,150417.0,Alcachofa
Asparagus,367,2011,392306.0,Esparrago
Avocados,572,2011,213662.0,Palta
Bananas,486,2011,1968051.0,Platano
"Beans, dry",176,2011,87853.0,Frijol
Blueberries,552,2011,320.0,Arandano
"Broad beans and horse beans, dry",181,2011,64646.0,Haba
Cantaloupes and other melons,568,2011,18422.0,Aceituna
"Cassava, fresh",125,2011,1115593.0,Yuca
Cocoa beans,661,2011,56499.0,Cacao
"Coffee, green",656,2011,331547.0,Cafe
Grapes,560,2011,296902.0,Uva
Green corn (maize),446,2011,367994.0,Maiz_choclo
Lemons and limes,497,2011,224698.0,Limon
Maize (corn),56,2011,1515774.0,Maiz
"Mangoes, guavas and mangosteens",571,2011,355450.0,Mango
Oil palm fruit,254,2011,359784.0,Palma_aceitera
"Onions and shallots, dry (excluding dehydrated)",403,2011,727016.0,Cebolla
Oranges,490,2011,418631.0,Naranja
Pineapples,574,2011,400429.0,Pina
Potatoes,116,2011,4072455.0,Papa
Rice,27,2011,2624458.0,Arroz
Sugar cane,156,2011,12322936.0,Cana_azucar
Sweet potatoes,122,2011,299080.0,Camote
"Tangerines, mandarins, clementines",495,2011,236282.0,Mandarina
Tomatoes,388,2011,186002.0,Tomate
Wheat,15,2011,214140.0,Trigo
Apricots,526,2012,314.85,Papaya
Artichokes,366,2012,141708.0,Alcachofa
Asparagus,367,2012,375977.71,Esparrago
Avocados,572,2012,268525.27,Palta
Bananas,486,2012,2082089.3,Platano
"Beans, dry",176,2012,92475.71,Frijol
Blueberries,552,2012,560.0,Arandano
"Broad beans and horse beans, dry",181,2012,73698.07,Haba
Cantaloupes and other melons,568,2012,21053.0,Aceituna
"Cassava, fresh",125,2012,1118489.03,Yuca
Cocoa beans,661,2012,62491.58,Cacao
"Coffee, green",656,2012,320163.56,Cafe
Grapes,560,2012,361869.87,Uva
Green corn (maize),446,2012,361573.0,Maiz_choclo
Lemons and limes,497,2012,232742.02,Limon
Maize (corn),56,2012,1673873.64,Maiz
"Mangoes, guavas and mangosteens",571,2012,188997.5,Mango
Oil palm fruit,254,2012,518319.0,Palma_aceitera
"Onions and shallots, dry (excluding dehydrated)",403,2012,775537.0,Cebolla
Oranges,490,2012,428753.17,Naranja
Pineapples,574,2012,436807.13,Pina
Potatoes,116,2012,4474712.65,Papa
Rice,27,2012,3043330.45,Arroz
Sugar cane,156,2012,12559921.51,Cana_azucar
Sweet potatoes,122,2012,304008.96,Camote
"Tangerines, mandarins, clementines",495,2012,281061.19,Mandarina
Tomatoes,388,2012,229356.0,Tomate
Wheat,15,2012,226218.46,Trigo
Apricots,526,2013,278.38,Papaya
Artichokes,366,2013,112865.0,Alcachofa
Asparagus,367,2013,383143.73,Esparrago
Avocados,572,2013,288387.0,Palta
Bananas,486,2013,2114853.0,Platano
"Beans, dry",176,2013,94574.0,Frijol
Blueberries,552,2013,1668.0,Arandano
"Broad beans and horse beans, dry",181,2013,78673.0,Haba
Cantaloupes and other melons,568,2013,20578.5,Aceituna
"Cassava, fresh",125,2013,1184662.0,Yuca
Cocoa beans,661,2013,71175.41,Cacao
"Coffee, green",656,2013,256241.43,Cafe
Grapes,560,2013,438251.6,Uva
Green corn (maize),446,2013,399343.0,Maiz_choclo
Lemons and limes,497,2013,238991.0,Limon
Maize (corn),56,2013,1670470.0,Maiz
"Mangoes, guavas and mangosteens",571,2013,461214.0,Mango
Oil palm fruit,254,2013,566583.0,Palma_aceitera
"Onions and shallots, dry (excluding dehydrated)",403,2013,748078.0,Cebolla
Oranges,490,2013,436387.98,Naranja
Pineapples,574,2013,438576.0,Pina
Potatoes,116,2013,4570673.0,Papa
Rice,27,2013,3050934.0,Arroz
Sugar cane,156,2013,13689858.66,Cana_azucar
Sweet potatoes,122,2013,292116.0,Camote
"Tangerines, mandarins, clementines",495,2013,313719.0,Mandarina
Tomatoes,388,2013,253543.0,Tomate
Wheat,15,2013,230105.0,Trigo
Apricots,526,2014,252.0,Papaya
Artichokes,366,2014,103348.11,Alcachofa
Asparagus,367,2014,377701.0,Esparrago
Avocados,572,2014,349317.0,Palta
Bananas,486,2014,2125839.0,Platano
"Beans, dry",176,2014,89517.0,Frijol
Blueberries,552,2014,2500.0,Arandano
"Broad beans and horse beans, dry",181,2014,81144.0,Haba
Cantaloupes and other melons,568,2014,21116.0,Aceituna
"Cassava, fresh",125,2014,1195926.0,Yuca
Cocoa beans,661,2014,81651.0,Cacao
"Coffee, green",656,2014,222047.0,Cafe
Grapes,560,2014,507097.0,Uva
Green corn (maize),446,2014,403405.0,Maiz_choclo
Lemons and limes,497,2014,275520.0,Limon
Maize (corn),56,2014,1529636.0,Maiz
"Mangoes, guavas and mangosteens",571,2014,380143.0,Mango
Oil palm fruit,254,2014,617634.0,Palma_aceitera
"Onions and shallots, dry (excluding dehydrated)",403,2014,758233.0,Cebolla
Oranges,490,2014,450423.0,Naranja
Pineapples,574,2014,455297.0,Pina
Potatoes,116,2014,4704987.0,Papa
Rice,27,2014,2896613.0,Arroz
Sugar cane,156,2014,13775759.59,Cana_azucar
Sweet potatoes,122,2014,278293.0,Camote
"Tangerines, mandarins, clementines",495,2014,339604.0,Mandarina
Tomatoes,388,2014,265948.04,Tomate
Wheat,15,2014,218904.0,Trigo
Apricots,526,2015,242.0,Papaya
Artichokes,366,2015,89983.0,Alcachofa
Asparagus,367,2015,369032.0,Esparrago
Avocados,572,2015,367110.0,Palta
Bananas,486,2015,2145361.0,Platano
"Beans, dry",176,2015,89575.0,Frijol
Blueberries,552,2015,10585.0,Arandano
"Broad beans and horse beans, dry",181,2015,80526.0,Haba
Cantaloupes and other melons,568,2015,22341.0,Aceituna
"Cassava, fresh",125,2015,1230036.0,Yuca
Cocoa beans,661,2015,92592.0,Cacao
"Coffee, green",656,2015,251938.0,Cafe
Grapes,560,2015,597939.0,Uva
Green corn (maize),446,2015,396186.0,Maiz_choclo
Lemons and limes,497,2015,281007.0,Limon
Maize (corn),56,2015,1746428.0,Maiz
"Mangoes, guavas and mangosteens",571,2015,349805.0,Mango
Oil palm fruit,254,2015,684301.0,Palma_aceitera
"Onions and shallots, dry (excluding dehydrated)",403,2015,760192.0,Cebolla
Oranges,490,2015,456154.0,Naranja
Pineapples,574,2015,450635.0,Pina
Potatoes,116,2015,4704976.0,Papa
Rice,27,2015,3151408.0,Arroz
Sugar cane,156,2015,10211856.0,Cana_azucar
Sweet potatoes,122,2015,288164.0,Camote
"Tangerines, mandarins, clementines",495,2015,357912.0,Mandarina
Tomatoes,388,2015,236287.0,Tomate
Wheat,15,2015,214849.0,Trigo
Apricots,526,2016,239.0,Papaya
Artichokes,366,2016,108801.33,Alcachofa
Asparagus,367,2016,378305.79,Esparrago
Avocados,572,2016,455394.17,Palta
Bananas,486,2016,2073994.7,Platano
"Beans, dry",176,2016,80886.75,Frijol
Blueberries,552,2016,22978.29,Arandano
"Broad beans and horse beans, dry",181,2016,71918.59,Haba
Cantaloupes and other melons,568,2016,21148.23,Aceituna
"Cassava, fresh",125,2016,1180955.0,Yuca
Cocoa beans,661,2016,107921.51,Cacao
"Coffee, green",656,2016,277760.4,Cafe
Grapes,560,2016,689957.31,Uva
Green corn (maize),446,2016,398750.0,Maiz_choclo
Lemons and limes,497,2016,282918.09,Limon
Maize (corn),56,2016,1575955.17,Maiz
"Mangoes, guavas and mangosteens",571,2016,377381.94,Mango
Oil palm fruit,254,2016,736345.0,Palma_aceitera
"Onions and shallots, dry (excluding dehydrated)",403,2016,705633.41,Cebolla
Oranges,490,2016,490869.0,Naranja
Pineapples,574,2016,461285.95,Pina
Potatoes,116,2016,5389231.02,Papa
Rice,27,2016,3190969.47,Arroz
Sugar cane,156,2016,11884724.7,Cana_azucar
Sweet potatoes,122,2016,269670.43,Camote
"Tangerines, mandarins, clementines",495,2016,403857.0,Mandarina
Tomatoes,388,2016,232897.89,Tomate
Wheat,15,2016,188468.76,Trigo
Apricots,526,2017,196.0,Papaya
Artichokes,366,2017,145068.0,Alcachofa
Asparagus,367,2017,383098.0,Esparrago
Avocados,572,2017,466796.0,Palta
Bananas,486,2017,1981047.0,Platano
"Beans, dry",176,2017,75706.0,Frijol
Blueberries,552,2017,52301.0,Arandano
"Broad beans and horse beans, dry",181,2017,72818.0,Haba
Cantaloupes and other melons,568,2017,18942.0,Aceituna
"Cassava, fresh",125,2017,1196449.0,Yuca
Cocoa beans,661,2017,121814.0,Cacao
"Coffee, green",656,2017,337330.0,Cafe
Grapes,560,2017,645012.0,Uva
Green corn (maize),446,2017,388859.0,Maiz_choclo
Lemons and limes,497,2017,179886.0,Limon
Maize (corn),56,2017,1523469.0,Maiz
"Mangoes, guavas and mangosteens",571,2017,385304.0,Mango
Oil palm fruit,254,2017,852022.0,Palma_aceitera
"Onions and shallots, dry (excluding dehydrated)",403,2017,722436.0,Cebolla
Oranges,490,2017,498454.0,Naranja
Pineapples,574,2017,494642.0,Pina
Potatoes,116,2017,4776294.0,Papa
Rice,27,2017,3115544.0,Arroz
Sugar cane,156,2017,11127472.88,Cana_azucar
Sweet potatoes,122,2017,256434.0,Camote
"Tangerines, mandarins, clementines",495,2017,408025.0,Mandarina
Tomatoes,388,2017,220618.0,Tomate
Wheat,15,2017,192099.0,Trigo
Apricots,526,2018,358.0,Papaya
Artichokes,366,2018,154551.94,Alcachofa
Asparagus,367,2018,360630.14,Esparrago
Avocados,572,2018,504839.74,Palta
Bananas,486,2018,2194857.56,Platano
"Beans, dry",176,2018,88370.47,Frijol
Blueberries,552,2018,94805.0,Arandano
"Broad beans and horse beans, dry",181,2018,80154.23,Haba
Cantaloupes and other melons,568,2018,20013.58,Aceituna
"Cassava, fresh",125,2018,1239740.6,Yuca
Cocoa beans,661,2018,134675.74,Cacao
"Coffee, green",656,2018,369621.99,Cafe
Grapes,560,2018,645545.06,Uva
Green corn (maize),446,2018,437485.68,Maiz_choclo
Lemons and limes,497,2018,270669.0,Limon
Maize (corn),56,2018,1576752.0,Maiz
"Mangoes, guavas and mangosteens",571,2018,383020.71,Mango
Oil palm fruit,254,2018,921000.61,Palma_aceitera
"Onions and shallots, dry (excluding dehydrated)",403,2018,643836.39,Cebolla
Oranges,490,2018,502843.32,Naranja
Pineapples,574,2018,548464.87,Pina
Potatoes,116,2018,5133927.31,Papa
Rice,27,2018,3557899.99,Arroz
Sugar cane,156,2018,11715260.05,Cana_azucar
Sweet potatoes,122,2018,275322.8,Camote
"Tangerines, mandarins, clementines",495,2018,481593.96,Mandarina
Tomatoes,388,2018,252794.21,Tomate
Wheat,15,2018,195245.82,Trigo
Apricots,526,2019,437.0,Papaya
Artichokes,366,2019,131707.22,Alcachofa
Asparagus,367,2019,356789.56,Esparrago
Avocados,572,2019,571991.85,Palta
Bananas,486,2019,2252171.5,Platano
"Beans, dry",176,2019,85745.56,Frijol
Blueberries,552,2019,147900.0,Arandano
"Broad beans and horse beans, dry",181,2019,83230.23,Haba
Cantaloupes and other melons,568,2019,18508.88,Aceituna
"Cassava, fresh",125,2019,1276914.45,Yuca
Cocoa beans,661,2019,141775.25,Cacao
"Coffee, green",656,2019,363319.59,Cafe
Grapes,560,2019,639814.93,Uva
Green corn (maize),446,2019,417066.42,Maiz_choclo
Lemons and limes,497,2019,302019.0,Limon
Maize (corn),56,2019,1575955.0,Maiz
"Mangoes, guavas and mangosteens",571,2019,431884.0,Mango
Oil palm fruit,254,2019,932210.29,Palma_aceitera
"Onions and shallots, dry (excluding dehydrated)",403,2019,636218.3,Cebolla
Oranges,490,2019,509767.63,Naranja
Pineapples,574,2019,565203.44,Pina
Potatoes,116,2019,5389231.02,Papa
Rice,27,2019,3190969.47,Arroz
Sugar cane,156,2019,13468207.44,Cana_azucar
Sweet potatoes,122,2019,300987.78,Camote
"Tangerines, mandarins, clementines",495,2019,503220.3,Mandarina
Tomatoes,388,2019,201838.27,Tomate
Wheat,15,2019,188468.76,Trigo
Apricots,526,2020,484.0,Papaya
Artichokes,366,2020,82095.82,Alcachofa
Asparagus,367,2020,369370.0,Esparrago
Avocados,572,2020,672232.24,Palta
Bananas,486,2020,2326085.08,Platano
"Beans, dry",176,2020,87227.43,Frijol
Blueberries,552,2020,179305.0,Arandano
"Broad beans and horse beans, dry",181,2020,82836.05,Haba
Cantaloupes and other melons,568,2020,19807.96,Aceituna
"Cassava, fresh",125,2020,1343009.6,Yuca
Cocoa beans,661,2020,158943.58,Cacao
"Coffee, green",656,2020,353205.74,Cafe
Grapes,560,2020,733472.46,Uva
Green corn (maize),446,2020,413298.18,Maiz_choclo
Lemons and limes,497,2020,315171.79,Limon
Maize (corn),56,2020,1448383.0,Maiz
"Mangoes, guavas and mangosteens",571,2020,518193.94,Mango
Oil palm fruit,254,2020,898480.73,Palma_aceitera
"Onions and shallots, dry (excluding dehydrated)",403,2020,604802.67,Cebolla
Oranges,490,2020,558614.28,Naranja
Pineapples,574,2020,583627.79,Pina
Potatoes,116,2020,5515378.0,Papa
Rice,27,2020,3434199.0,Arroz
Sugar cane,156,2020,12846609.67,Cana_azucar
Sweet potatoes,122,2020,243157.46,Camote
"Tangerines, mandarins, clementines",495,2020,526142.06,Mandarina
Tomatoes,388,2020,204052.0,Tomate
Wheat,15,2020,186835.0,Trigo
Apricots,526,2021,469.0,Papaya
Artichokes,366,2021,99518.44,Alcachofa
Asparagus,367,2021,369153.0,Esparrago
Avocados,572,2021,776650.96,Palta
Bananas,486,2021,2337153.35,Platano
"Beans, dry",176,2021,92608.78,Frijol
Blueberries,552,2021,228160.0,Arandano
"Broad beans and horse beans, dry",181,2021,82249.21,Haba
Cantaloupes and other melons,568,2021,25506.0,Aceituna
"Cassava, fresh",125,2021,1341434.49,Yuca
Cocoa beans,661,2021,160521.54,Cacao
"Coffee, green",656,2021,363996.83,Cafe
Grapes,560,2021,826369.93,Uva
Green corn (maize),446,2021,472010.38,Maiz_choclo
Lemons and limes,497,2021,337678.04,Limon
Maize (corn),56,2021,1582556.54,Maiz
"Mangoes, guavas and mangosteens",571,2021,447344.51,Mango
Oil palm fruit,254,2021,1172587.16,Palma_aceitera
"Onions and shallots, dry (excluding dehydrated)",403,2021,602278.18,Cebolla
Oranges,490,2021,576229.0,Naranja
Pineapples,574,2021,588840.6,Pina
Potatoes,116,2021,5702349.88,Papa
Rice,27,2021,3538443.59,Arroz
Sugar cane,156,2021,12344084.51,Cana_azucar
Sweet potatoes,122,2021,305757.53,Camote
"Tangerines, mandarins, clementines",495,2021,588357.6,Mandarina
Tomatoes,388,2021,243791.0,Tomate
Wheat,15,2021,203072.79,Trigo
Apricots,526,2022,676.25,Papaya
Artichokes,366,2022,89492.33,Alcachofa
Asparagus,367,2022,377246.1,Esparrago
Avocados,572,2022,798319.12,Palta
Bananas,486,2022,2424180.34,Platano
"Beans, dry",176,2022,87865.82,Frijol
Blueberries,552,2022,292584.0,Arandano
"Broad beans and horse beans, dry",181,2022,87048.04,Haba
Cantaloupes and other melons,568,2022,25154.68,Aceituna
"Cassava, fresh",125,2022,1416938.93,Yuca
Cocoa beans,661,2022,172705.33,Cacao
"Coffee, green",656,2022,357346.42,Cafe
Grapes,560,2022,826724.82,Uva
Green corn (maize),446,2022,494510.54,Maiz_choclo
Lemons and limes,497,2022,368694.34,Limon
Maize (corn),56,2022,1611950.53,Maiz
"Mangoes, guavas and mangosteens",571,2022,507729.79,Mango
Oil palm fruit,254,2022,1504600.49,Palma_aceitera
"Onions and shallots, dry (excluding dehydrated)",403,2022,516088.78,Cebolla
Oranges,490,2022,591399.78,Naranja
Pineapples,574,2022,587731.23,Pina
Potatoes,116,2022,6047211.38,Papa
Rice,27,2022,3347685.78,Arroz
Sugar cane,156,2022,11968230.66,Cana_azucar
Sweet potatoes,122,2022,275336.62,Camote
"Tangerines, mandarins, clementines",495,2022,638959.61,Mandarina
Tomatoes,388,2022,210938.96,Tomate
Wheat,15,2022,212403.98,Trigo
Apricots,526,2023,890.76,Papaya
Artichokes,366,2023,136692.6,Alcachofa
Asparagus,367,2023,356728.51,Esparrago
Avocados,572,2023,872133.76,Palta
Bananas,486,2023,2414867.93,Platano
"Beans, dry",176,2023,92007.16,Frijol
Blueberries,552,2023,229390.0,Arandano
"Broad beans and horse beans, dry",181,2023,81010.62,Haba
Cantaloupes and other melons,568,2023,27050.26,Aceituna
"Cassava, fresh",125,2023,1504942.94,Yuca
Cocoa beans,661,2023,166935.88,Cacao
"Coffee, green",656,2023,366940.03,Cafe
Grapes,560,2023,992456.1,Uva
Green corn (maize),446,2023,450123.57,Maiz_choclo
Lemons and limes,497,2023,299934.3,Limon
Maize (corn),56,2023,1642766.07,Maiz
"Mangoes, guavas and mangosteens",571,2023,338286.37,Mango
Oil palm fruit,254,2023,1436282.54,Palma_aceitera
"Onions and shallots, dry (excluding dehydrated)",403,2023,539375.45,Cebolla
Oranges,490,2023,569988.02,Naranja
Pineapples,574,2023,583018.79,Pina
Potatoes,116,2023,5456350.83,Papa
Rice,27,2023,3402367.71,Arroz
Sugar cane,156,2023,11919221.0,Cana_azucar
Sweet potatoes,122,2023,307708.28,Camote
"Tangerines, mandarins, clementines",495,2023,656125.1,Mandarina
Tomatoes,388,2023,226113.39,Tomate
Wheat,15,2023,194004.08,Trigo
Apricots,526,2024,679.31,Papaya
Artichokes,366,2024,122918.16,Alcachofa
Asparagus,367,2024,333054.75,Esparrago
Avocados,572,2024,919601.78,Palta
Bananas,486,2024,2343310.52,Platano
"Beans, dry",176,2024,93597.97,Frijol
Blueberries,552,2024,353600.0,Arandano
"Broad beans and horse beans, dry",181,2024,103508.33,Haba
Cantaloupes and other melons,568,2024,27704.49,Aceituna
"Cassava, fresh",125,2024,1425272.17,Yuca
Cocoa beans,661,2024,157252.5,Cacao
"Coffee, green",656,2024,358993.78,Cafe
Grapes,560,2024,948130.79,Uva
Green corn (maize),446,2024,467269.85,Maiz_choclo
Lemons and limes,497,2024,419068.5,Limon
Maize (corn),56,2024,1686076.72,Maiz
"Mangoes, guavas and mangosteens",571,2024,335655.5,Mango
Oil palm fruit,254,2024,1469056.75,Palma_aceitera
"Onions and shallots, dry (excluding dehydrated)",403,2024,592516.26,Cebolla
Oranges,490,2024,555013.66,Naranja
Pineapples,574,2024,585409.28,Pina
Potatoes,116,2024,6579754.11,Papa
Rice,27,2024,3640432.02,Arroz
Sugar cane,156,2024,12038562.0,Cana_azucar
Sweet potatoes,122,2024,293210.68,Camote
"Tangerines, mandarins, clementines",495,2024,651352.52,Mandarina
Tomatoes,388,2024,265468.15,Tomate
Wheat,15,2024,203522.44,Trigo
