Año,Cultivo,Item,Toneladas
1961,Aji_Rocoto,"Chillies and peppers, green (Capsicum spp. and Pimenta spp.)",13150.0
1962,Aji_Rocoto,"Chillies and peppers, green (Capsicum spp. and Pimenta spp.)",12100.0
1963,Aji_Rocoto,"Chillies and peppers, green (Capsicum spp. and Pimenta spp.)",11610.0
1964,Aji_Rocoto,"Chillies and peppers, green (Capsicum spp. and Pimenta spp.)",12901.0
1965,Aji_Rocoto,"Chillies and peppers, green (Capsicum spp. and Pimenta spp.)",12687.0
1966,Aji_Rocoto,"Chillies and peppers, green (Capsicum spp. and Pimenta spp.)",16486.0
1967,Aji_Rocoto,"Chillies and peppers, green (Capsicum spp. and Pimenta spp.)",17223.0
1968,Aji_Rocoto,"Chillies and peppers, green (Capsicum spp. and Pimenta spp.)",16031.0
1969,Aji_Rocoto,"Chillies and peppers, green (Capsicum spp. and Pimenta spp.)",17040.0
1970,Aji_Rocoto,"Chillies and peppers, green (Capsicum spp. and Pimenta spp.)",19030.0
1971,Aji_Rocoto,"Chillies and peppers, green (Capsicum spp. and Pimenta spp.)",19443.0
1972,Aji_Rocoto,"Chillies and peppers, green (Capsicum spp. and Pimenta spp.)",15802.0
1973,Aji_Rocoto,"Chillies and peppers, green (Capsicum spp. and Pimenta spp.)",14738.0
1974,Aji_Rocoto,"Chillies and peppers, green (Capsicum spp. and Pimenta spp.)",14255.0
1975,Aji_Rocoto,"Chillies and peppers, green (Capsicum spp. and Pimenta spp.)",13288.0
1976,Aji_Rocoto,"Chillies and peppers, green (Capsicum spp. and Pimenta spp.)",14604.0
1977,Aji_Rocoto,"Chillies and peppers, green (Capsicum spp. and Pimenta spp.)",11485.0
1978,Aji_Rocoto,"Chillies and peppers, green (Capsicum spp. and Pimenta spp.)",10437.0
1979,Aji_Rocoto,"Chillies and peppers, green (Capsicum spp. and Pimenta spp.)",11364.0
1980,Aji_Rocoto,"Chillies and peppers, green (Capsicum spp. and Pimenta spp.)",13614.0
1981,Aji_Rocoto,"Chillies and peppers, green (Capsicum spp. and Pimenta spp.)",14105.0
1982,Aji_Rocoto,"Chillies and peppers, green (Capsicum spp. and Pimenta spp.)",15283.0
1983,Aji_Rocoto,"Chillies and peppers, green (Capsicum spp. and Pimenta spp.)",14671.0
1984,Aji_Rocoto,"Chillies and peppers, green (Capsicum spp. and Pimenta spp.)",16052.0
1985,Aji_Rocoto,"Chillies and peppers, green (Capsicum spp. and Pimenta spp.)",14258.0
1986,Aji_Rocoto,"Chillies and peppers, green (Capsicum spp. and Pimenta spp.)",15759.0
1987,Aji_Rocoto,"Chillies and peppers, green (Capsicum spp. and Pimenta spp.)",18998.0
1988,Aji_Rocoto,"Chillies and peppers, green (Capsicum spp. and Pimenta spp.)",14570.0
1989,Aji_Rocoto,"Chillies and peppers, green (Capsicum spp. and Pimenta spp.)",13950.0
1990,Aji_Rocoto,"Chillies and peppers, green (Capsicum spp. and Pimenta spp.)",12525.0
1991,Aji_Rocoto,"Chillies and peppers, green (Capsicum spp. and Pimenta spp.)",12383.0
1992,Aji_Rocoto,"Chillies and peppers, green (Capsicum spp. and Pimenta spp.)",11578.0
1993,Aji_Rocoto,"Chillies and peppers, green (Capsicum spp. and Pimenta spp.)",21986.0
1994,Aji_Rocoto,"Chillies and peppers, green (Capsicum spp. and Pimenta spp.)",15852.0
1995,Aji_Rocoto,"Chillies and peppers, green (Capsicum spp. and Pimenta spp.)",16560.0
1996,Aji_Rocoto,"Chillies and peppers, green (Capsicum spp. and Pimenta spp.)",31947.0
1997,Aji_Rocoto,"Chillies and peppers, green (Capsicum spp. and Pimenta spp.)",34479.0
1998,Aji_Rocoto,"Chillies and peppers, green (Capsicum spp. and Pimenta spp.)",48443.0
1999,Aji_Rocoto,"Chillies and peppers, green (Capsicum spp. and Pimenta spp.)",60682.0
2000,Aji_Rocoto,"Chillies and peppers, green (Capsicum spp. and Pimenta spp.)",70381.0
2001,Aji_Rocoto,"Chillies and peppers, green (Capsicum spp. and Pimenta spp.)",70724.0
2002,Aji_Rocoto,"Chillies and peppers, green (Capsicum spp. and Pimenta spp.)",62142.0
2003,Aji_Rocoto,"Chillies and peppers, green (Capsicum spp. and Pimenta spp.)",69924.0
2004,Aji_Rocoto,"Chillies and peppers, green (Capsicum spp. and Pimenta spp.)",70216.0
2005,Aji_Rocoto,"Chillies and peppers, green (Capsicum spp. and Pimenta spp.)",99365.0
2006,Aji_Rocoto,"Chillies and peppers, green (Capsicum spp. and Pimenta spp.)",94126.0
2007,Aji_Rocoto,"Chillies and peppers, green (Capsicum spp. and Pimenta spp.)",111522.0
2008,Aji_Rocoto,"Chillies and peppers, green (Capsicum spp. and Pimenta spp.)",138579.0
2009,Aji_Rocoto,"Chillies and peppers, green (Capsicum spp. and Pimenta spp.)",119759.0
2010,Aji_Rocoto,"Chillies and peppers, green (Capsicum spp. and Pimenta spp.)",98570.0
2011,Aji_Rocoto,"Chillies and peppers, green (Capsicum spp. and Pimenta spp.)",127521.0
2012,Aji_Rocoto,"Chillies and peppers, green (Capsicum spp. and Pimenta spp.)",135702.0
2013,Aji_Rocoto,"Chillies and peppers, green (Capsicum spp. and Pimenta spp.)",126196.0
2014,Aji_Rocoto,"Chillies and peppers, green (Capsicum spp. and Pimenta spp.)",127875.0
2015,Aji_Rocoto,"Chillies and peppers, green (Capsicum spp. and Pimenta spp.)",119096.0
2016,Aji_Rocoto,"Chillies and peppers, green (Capsicum spp. and Pimenta spp.)",131066.0
2017,Aji_Rocoto,"Chillies and peppers, green (Capsicum spp. and Pimenta spp.)",153289.0
2018,Aji_Rocoto,"Chillies and peppers, green (Capsicum spp. and Pimenta spp.)",175706.96
2019,Aji_Rocoto,"Chillies and peppers, green (Capsicum spp. and Pimenta spp.)",182642.0
2020,Aji_Rocoto,"Chillies and peppers, green (Capsicum spp. and Pimenta spp.)",176197.37
2021,Aji_Rocoto,"Chillies and peppers, green (Capsicum spp. and Pimenta spp.)",213655.0
2022,Aji_Rocoto,"Chillies and peppers, green (Capsicum spp. and Pimenta spp.)",210508.0
2023,Aji_Rocoto,"Chillies and peppers, green (Capsicum spp. and Pimenta spp.)",215385.0
2024,Aji_Rocoto,"Chillies and peppers, green (Capsicum spp. and Pimenta spp.)",201451.0
1961,Alcachofa,Artichokes,3500.0
1962,Alcachofa,Artichokes,3500.0
1963,Alcachofa,Artichokes,3500.0
1964,Alcachofa,Artichokes,3500.0
1965,Alcachofa,Artichokes,3500.0
1966,Alcachofa,Artichokes,3522.0
1967,Alcachofa,Artichokes,4096.0
1968,Alcachofa,Artichokes,5068.0
1969,Alcachofa,Artichokes,3050.0
1970,Alcachofa,Artichokes,2072.0
1971,Alcachofa,Artichokes,1824.0
1972,Alcachofa,Artichokes,1789.0
1973,Alcachofa,Artichokes,1960.0
1974,Alcachofa,Artichokes,1627.0
1975,Alcachofa,Artichokes,1996.0
1976,Alcachofa,Artichokes,2010.0
1977,Alcachofa,Artichokes,1362.0
1978,Alcachofa,Artichokes,1161.0
1979,Alcachofa,Artichokes,841.0
1980,Alcachofa,Artichokes,1100.0
1981,Alcachofa,Artichokes,1589.0
1982,Alcachofa,Artichokes,1510.0
1983,Alcachofa,Artichokes,1502.0
1984,Alcachofa,Artichokes,1536.0
1985,Alcachofa,Artichokes,955.0
1986,Alcachofa,Artichokes,953.0
1987,Alcachofa,Artichokes,1077.0
1988,Alcachofa,Artichokes,1110.0
1989,Alcachofa,Artichokes,967.0
1990,Alcachofa,Artichokes,888.0
1991,Alcachofa,Artichokes,898.0
1992,Alcachofa,Artichokes,1010.0
1993,Alcachofa,Artichokes,988.0
1994,Alcachofa,Artichokes,1382.0
1995,Alcachofa,Artichokes,1881.0
1996,Alcachofa,Artichokes,5264.0
1997,Alcachofa,Artichokes,2238.0
1998,Alcachofa,Artichokes,2449.0
1999,Alcachofa,Artichokes,2662.0
2000,Alcachofa,Artichokes,4310.0
2001,Alcachofa,Artichokes,6772.0
2002,Alcachofa,Artichokes,8406.0
2003,Alcachofa,Artichokes,19752.0
2004,Alcachofa,Artichokes,42031.0
2005,Alcachofa,Artichokes,67942.0
2006,Alcachofa,Artichokes,113200.0
2007,Alcachofa,Artichokes,134244.0
2008,Alcachofa,Artichokes,126201.0
2009,Alcachofa,Artichokes,115710.0
2010,Alcachofa,Artichokes,127323.0
2011,Alcachofa,Artichokes,150417.0
2012,Alcachofa,Artichokes,141708.0
2013,Alcachofa,Artichokes,112865.0
2014,Alcachofa,Artichokes,103348.11
2015,Alcachofa,Artichokes,89983.0
2016,Alcachofa,Artichokes,108801.33
2017,Alcachofa,Artichokes,145068.0
2018,Alcachofa,Artichokes,154551.94
2019,Alcachofa,Artichokes,131707.22
2020,Alcachofa,Artichokes,82095.82
2021,Alcachofa,Artichokes,99518.44
2022,Alcachofa,Artichokes,89492.33
2023,Alcachofa,Artichokes,136692.6
2024,Alcachofa,Artichokes,122918.16
2010,Arandano,Blueberries,30.0
2011,Arandano,Blueberries,320.0
2012,Arandano,Blueberries,560.0
2013,Arandano,Blueberries,1668.0
2014,Arandano,Blueberries,2500.0
2015,Arandano,Blueberries,10585.0
2016,Arandano,Blueberries,22978.29
2017,Arandano,Blueberries,52301.0
2018,Arandano,Blueberries,94805.0
2019,Arandano,Blueberries,147900.0
2020,Arandano,Blueberries,179305.0
2021,Arandano,Blueberries,228160.0
2022,Arandano,Blueberries,292584.0
2023,Arandano,Blueberries,229390.0
2024,Arandano,Blueberries,353600.0
1961,Arroz,Rice,331877.0
1962,Arroz,Rice,391361.0
1963,Arroz,Rice,269860.0
1964,Arroz,Rice,351475.0
1965,Arroz,Rice,290520.0
1966,Arroz,Rice,374032.0
1967,Arroz,Rice,461420.0
1968,Arroz,Rice,286195.0
1969,Arroz,Rice,444432.0
1970,Arroz,Rice,586721.0
1971,Arroz,Rice,591111.0
1972,Arroz,Rice,482326.0
1973,Arroz,Rice,483471.0
1974,Arroz,Rice,494237.0
1975,Arroz,Rice,536835.0
1976,Arroz,Rice,570415.0
1977,Arroz,Rice,594010.0
1978,Arroz,Rice,467758.0
1979,Arroz,Rice,560399.0
1980,Arroz,Rice,441233.0
1981,Arroz,Rice,760176.0
1982,Arroz,Rice,825730.0
1983,Arroz,Rice,799032.0
1984,Arroz,Rice,1139997.0
1985,Arroz,Rice,878279.0
1986,Arroz,Rice,725915.0
1987,Arroz,Rice,1168600.0
1988,Arroz,Rice,1129240.0
1989,Arroz,Rice,1091430.0
1990,Arroz,Rice,966101.0
1991,Arroz,Rice,814168.0
1992,Arroz,Rice,829373.0
1993,Arroz,Rice,967627.0
1994,Arroz,Rice,1401393.0
1995,Arroz,Rice,1141550.0
1996,Arroz,Rice,1203168.0
1997,Arroz,Rice,1459830.0
1998,Arroz,Rice,1548780.0
1999,Arroz,Rice,1955027.0
2000,Arroz,Rice,1892100.0
2001,Arroz,Rice,2026970.0
2002,Arroz,Rice,2118679.0
2003,Arroz,Rice,2132405.0
2004,Arroz,Rice,1844896.0
2005,Arroz,Rice,2468357.0
2006,Arroz,Rice,2362260.0
2007,Arroz,Rice,2256000.0
2008,Arroz,Rice,2775800.0
2009,Arroz,Rice,2991157.0
2010,Arroz,Rice,2831374.0
2011,Arroz,Rice,2624458.0
2012,Arroz,Rice,3043330.45
2013,Arroz,Rice,3050934.0
2014,Arroz,Rice,2896613.0
2015,Arroz,Rice,3151408.0
2016,Arroz,Rice,3190969.47
2017,Arroz,Rice,3115544.0
2018,Arroz,Rice,3557899.99
2019,Arroz,Rice,3190969.47
2020,Arroz,Rice,3434199.0
2021,Arroz,Rice,3538443.59
2022,Arroz,Rice,3347685.78
2023,Arroz,Rice,3402367.71
2024,Arroz,Rice,3640432.02
1961,Cacao,Cocoa beans,2688.0
1962,Cacao,Cocoa beans,2464.0
1963,Cacao,Cocoa beans,2670.0
1964,Cacao,Cocoa beans,2674.0
1965,Cacao,Cocoa beans,1836.0
1966,Cacao,Cocoa beans,2149.0
1967,Cacao,Cocoa beans,2301.0
1968,Cacao,Cocoa beans,1795.0
1969,Cacao,Cocoa beans,2412.0
1970,Cacao,Cocoa beans,2107.0
1971,Cacao,Cocoa beans,2173.0
1972,Cacao,Cocoa beans,2231.0
1973,Cacao,Cocoa beans,2406.0
1974,Cacao,Cocoa beans,2545.0
1975,Cacao,Cocoa beans,2658.0
1976,Cacao,Cocoa beans,2607.0
1977,Cacao,Cocoa beans,3998.0
1978,Cacao,Cocoa beans,4039.0
1979,Cacao,Cocoa beans,4262.0
1980,Cacao,Cocoa beans,4420.0
1981,Cacao,Cocoa beans,5312.0
1982,Cacao,Cocoa beans,6045.0
1983,Cacao,Cocoa beans,6145.0
1984,Cacao,Cocoa beans,6501.0
1985,Cacao,Cocoa beans,8033.0
1986,Cacao,Cocoa beans,11082.0
1987,Cacao,Cocoa beans,14080.0
1988,Cacao,Cocoa beans,16658.0
1989,Cacao,Cocoa beans,17813.0
1990,Cacao,Cocoa beans,14796.0
1991,Cacao,Cocoa beans,15473.0
1992,Cacao,Cocoa beans,15000.0
1993,Cacao,Cocoa beans,14970.0
1994,Cacao,Cocoa beans,13446.0
1995,Cacao,Cocoa beans,22704.0
1996,Cacao,Cocoa beans,22867.0
1997,Cacao,Cocoa beans,19504.0
1998,Cacao,Cocoa beans,22134.0
1999,Cacao,Cocoa beans,20964.0
2000,Cacao,Cocoa beans,25049.0
2001,Cacao,Cocoa beans,23652.0
2002,Cacao,Cocoa beans,24219.0
2003,Cacao,Cocoa beans,24214.0
2004,Cacao,Cocoa beans,25921.0
2005,Cacao,Cocoa beans,25257.0
2006,Cacao,Cocoa beans,31676.0
2007,Cacao,Cocoa beans,31387.0
2008,Cacao,Cocoa beans,34003.0
2009,Cacao,Cocoa beans,36803.0
2010,Cacao,Cocoa beans,46613.0
2011,Cacao,Cocoa beans,56499.0
2012,Cacao,Cocoa beans,62491.58
2013,Cacao,Cocoa beans,71175.41
2014,Cacao,Cocoa beans,81651.0
2015,Cacao,Cocoa beans,92592.0
2016,Cacao,Cocoa beans,107921.51
2017,Cacao,Cocoa beans,121814.0
2018,Cacao,Cocoa beans,134675.74
2019,Cacao,Cocoa beans,141775.25
2020,Cacao,Cocoa beans,158943.58
2021,Cacao,Cocoa beans,160521.54
2022,Cacao,Cocoa beans,172705.33
2023,Cacao,Cocoa beans,166935.88
2024,Cacao,Cocoa beans,157252.5
1961,Cafe,"Coffee, green",42643.0
1962,Cafe,"Coffee, green",46356.0
1963,Cafe,"Coffee, green",48940.0
1964,Cafe,"Coffee, green",52740.0
1965,Cafe,"Coffee, green",48264.0
1966,Cafe,"Coffee, green",52380.0
1967,Cafe,"Coffee, green",52753.0
1968,Cafe,"Coffee, green",64652.0
1969,Cafe,"Coffee, green",68439.0
1970,Cafe,"Coffee, green",65368.0
1971,Cafe,"Coffee, green",70587.0
1972,Cafe,"Coffee, green",70195.0
1973,Cafe,"Coffee, green",70396.0
1974,Cafe,"Coffee, green",69855.0
1975,Cafe,"Coffee, green",65387.0
1976,Cafe,"Coffee, green",65445.0
1977,Cafe,"Coffee, green",80190.0
1978,Cafe,"Coffee, green",88166.0
1979,Cafe,"Coffee, green",105478.0
1980,Cafe,"Coffee, green",86177.0
1981,Cafe,"Coffee, green",79360.0
1982,Cafe,"Coffee, green",79422.0
1983,Cafe,"Coffee, green",85637.0
1984,Cafe,"Coffee, green",83357.0
1985,Cafe,"Coffee, green",90736.0
1986,Cafe,"Coffee, green",96054.0
1987,Cafe,"Coffee, green",98538.0
1988,Cafe,"Coffee, green",99414.0
1989,Cafe,"Coffee, green",105753.0
1990,Cafe,"Coffee, green",81142.0
1991,Cafe,"Coffee, green",82635.0
1992,Cafe,"Coffee, green",86519.0
1993,Cafe,"Coffee, green",85603.0
1994,Cafe,"Coffee, green",91340.0
1995,Cafe,"Coffee, green",96697.0
1996,Cafe,"Coffee, green",106520.0
1997,Cafe,"Coffee, green",133296.0
1998,Cafe,"Coffee, green",144763.0
1999,Cafe,"Coffee, green",167145.0
2000,Cafe,"Coffee, green",191651.0
2001,Cafe,"Coffee, green",196232.0
2002,Cafe,"Coffee, green",212770.0
2003,Cafe,"Coffee, green",203148.0
2004,Cafe,"Coffee, green",231447.0
2005,Cafe,"Coffee, green",188611.0
2006,Cafe,"Coffee, green",273178.0
2007,Cafe,"Coffee, green",225992.0
2008,Cafe,"Coffee, green",273780.0
2009,Cafe,"Coffee, green",243479.0
2010,Cafe,"Coffee, green",264605.0
2011,Cafe,"Coffee, green",331547.0
2012,Cafe,"Coffee, green",320163.56
2013,Cafe,"Coffee, green",256241.43
2014,Cafe,"Coffee, green",222047.0
2015,Cafe,"Coffee, green",251938.0
2016,Cafe,"Coffee, green",277760.4
2017,Cafe,"Coffee, green",337330.0
2018,Cafe,"Coffee, green",369621.99
2019,Cafe,"Coffee, green",363319.59
2020,Cafe,"Coffee, green",353205.74
2021,Cafe,"Coffee, green",363996.83
2022,Cafe,"Coffee, green",357346.42
2023,Cafe,"Coffee, green",366940.03
2024,Cafe,"Coffee, green",358993.78
1961,Camote,Sweet potatoes,144820.0
1962,Camote,Sweet potatoes,145720.0
1963,Camote,Sweet potatoes,158790.0
1964,Camote,Sweet potatoes,166411.0
1965,Camote,Sweet potatoes,123709.0
1966,Camote,Sweet potatoes,132965.0
1967,Camote,Sweet potatoes,149635.0
1968,Camote,Sweet potatoes,145026.0
1969,Camote,Sweet potatoes,156447.0
1970,Camote,Sweet potatoes,177924.0
1971,Camote,Sweet potatoes,167963.0
1972,Camote,Sweet potatoes,154464.0
1973,Camote,Sweet potatoes,156241.0
1974,Camote,Sweet potatoes,146197.0
1975,Camote,Sweet potatoes,162065.0
1976,Camote,Sweet potatoes,162547.0
1977,Camote,Sweet potatoes,157668.0
1978,Camote,Sweet potatoes,153252.0
1979,Camote,Sweet potatoes,149271.0
1980,Camote,Sweet potatoes,142710.0
1981,Camote,Sweet potatoes,155882.0
1982,Camote,Sweet potatoes,151112.0
1983,Camote,Sweet potatoes,156721.0
1984,Camote,Sweet potatoes,167574.0
1985,Camote,Sweet potatoes,111207.0
1986,Camote,Sweet potatoes,149567.0
1987,Camote,Sweet potatoes,141372.0
1988,Camote,Sweet potatoes,121446.0
1989,Camote,Sweet potatoes,145546.0
1990,Camote,Sweet potatoes,207757.0
1991,Camote,Sweet potatoes,143437.0
1992,Camote,Sweet potatoes,150272.0
1993,Camote,Sweet potatoes,197602.0
1994,Camote,Sweet potatoes,142258.0
1995,Camote,Sweet potatoes,155719.0
1996,Camote,Sweet potatoes,164001.0
1997,Camote,Sweet potatoes,256370.0
1998,Camote,Sweet potatoes,222681.0
1999,Camote,Sweet potatoes,244671.0
2000,Camote,Sweet potatoes,245779.0
2001,Camote,Sweet potatoes,254113.0
2002,Camote,Sweet potatoes,223927.0
2003,Camote,Sweet potatoes,192876.0
2004,Camote,Sweet potatoes,184375.0
2005,Camote,Sweet potatoes,184422.0
2006,Camote,Sweet potatoes,198635.0
2007,Camote,Sweet potatoes,184765.0
2008,Camote,Sweet potatoes,189869.0
2009,Camote,Sweet potatoes,262724.0
2010,Camote,Sweet potatoes,263456.0
2011,Camote,Sweet potatoes,299080.0
2012,Camote,Sweet potatoes,304008.96
2013,Camote,Sweet potatoes,292116.0
2014,Camote,Sweet potatoes,278293.0
2015,Camote,Sweet potatoes,288164.0
2016,Camote,Sweet potatoes,269670.43
2017,Camote,Sweet potatoes,256434.0
2018,Camote,Sweet potatoes,275322.8
2019,Camote,Sweet potatoes,300987.78
2020,Camote,Sweet potatoes,243157.46
2021,Camote,Sweet potatoes,305757.53
2022,Camote,Sweet potatoes,275336.62
2023,Camote,Sweet potatoes,307708.28
2024,Camote,Sweet potatoes,293210.68
1961,Cana_azucar,Sugar cane,8100000.0
1962,Cana_azucar,Sugar cane,7950000.0
1963,Cana_azucar,Sugar cane,8285310.0
1964,Cana_azucar,Sugar cane,8100000.0
1965,Cana_azucar,Sugar cane,8000000.0
1966,Cana_azucar,Sugar cane,9002009.0
1967,Cana_azucar,Sugar cane,8433150.0
1968,Cana_azucar,Sugar cane,7737181.0
1969,Cana_azucar,Sugar cane,6898210.0
1970,Cana_azucar,Sugar cane,8067975.0
1971,Cana_azucar,Sugar cane,8777762.0
1972,Cana_azucar,Sugar cane,9098410.0
1973,Cana_azucar,Sugar cane,9261451.0
1974,Cana_azucar,Sugar cane,9668516.0
1975,Cana_azucar,Sugar cane,9439616.0
1976,Cana_azucar,Sugar cane,9227137.0
1977,Cana_azucar,Sugar cane,9293310.0
1978,Cana_azucar,Sugar cane,8422860.0
1979,Cana_azucar,Sugar cane,7505970.0
1980,Cana_azucar,Sugar cane,6054521.0
1981,Cana_azucar,Sugar cane,5653755.0
1982,Cana_azucar,Sugar cane,7115266.0
1983,Cana_azucar,Sugar cane,7062810.0
1984,Cana_azucar,Sugar cane,7721563.0
1985,Cana_azucar,Sugar cane,8063000.0
1986,Cana_azucar,Sugar cane,7010300.0
1987,Cana_azucar,Sugar cane,6811000.0
1988,Cana_azucar,Sugar cane,6700000.0
1989,Cana_azucar,Sugar cane,7085000.0
1990,Cana_azucar,Sugar cane,6700000.0
1991,Cana_azucar,Sugar cane,6500000.0
1992,Cana_azucar,Sugar cane,5500000.0
1993,Cana_azucar,Sugar cane,5000000.0
1994,Cana_azucar,Sugar cane,6100000.0
1995,Cana_azucar,Sugar cane,7000000.0
1996,Cana_azucar,Sugar cane,6700000.0
1997,Cana_azucar,Sugar cane,7500000.0
1998,Cana_azucar,Sugar cane,6300000.0
1999,Cana_azucar,Sugar cane,6678570.0
2000,Cana_azucar,Sugar cane,7535150.0
2001,Cana_azucar,Sugar cane,7795950.0
2002,Cana_azucar,Sugar cane,8869810.0
2003,Cana_azucar,Sugar cane,9363960.0
2004,Cana_azucar,Sugar cane,7496873.0
2005,Cana_azucar,Sugar cane,6804126.0
2006,Cana_azucar,Sugar cane,7251260.0
2007,Cana_azucar,Sugar cane,8228623.0
2008,Cana_azucar,Sugar cane,9395959.0
2009,Cana_azucar,Sugar cane,10786945.0
2010,Cana_azucar,Sugar cane,10729961.0
2011,Cana_azucar,Sugar cane,12322936.0
2012,Cana_azucar,Sugar cane,12559921.51
2013,Cana_azucar,Sugar cane,13689858.66
2014,Cana_azucar,Sugar cane,13775759.59
2015,Cana_azucar,Sugar cane,10211856.0
2016,Cana_azucar,Sugar cane,11884724.7
2017,Cana_azucar,Sugar cane,11127472.88
2018,Cana_azucar,Sugar cane,11715260.05
2019,Cana_azucar,Sugar cane,13468207.44
2020,Cana_azucar,Sugar cane,12846609.67
2021,Cana_azucar,Sugar cane,12344084.51
2022,Cana_azucar,Sugar cane,11968230.66
2023,Cana_azucar,Sugar cane,11919221.0
2024,Cana_azucar,Sugar cane,12038562.0
1961,Cebolla,"Onions and shallots, dry (excluding dehydrated)",57660.0
1962,Cebolla,"Onions and shallots, dry (excluding dehydrated)",68760.0
1963,Cebolla,"Onions and shallots, dry (excluding dehydrated)",90720.0
1964,Cebolla,"Onions and shallots, dry (excluding dehydrated)",124010.0
1965,Cebolla,"Onions and shallots, dry (excluding dehydrated)",101945.0
1966,Cebolla,"Onions and shallots, dry (excluding dehydrated)",113773.0
1967,Cebolla,"Onions and shallots, dry (excluding dehydrated)",125617.0
1968,Cebolla,"Onions and shallots, dry (excluding dehydrated)",127164.0
1969,Cebolla,"Onions and shallots, dry (excluding dehydrated)",129605.0
1970,Cebolla,"Onions and shallots, dry (excluding dehydrated)",159146.0
1971,Cebolla,"Onions and shallots, dry (excluding dehydrated)",157737.0
1972,Cebolla,"Onions and shallots, dry (excluding dehydrated)",149947.0
1973,Cebolla,"Onions and shallots, dry (excluding dehydrated)",136347.0
1974,Cebolla,"Onions and shallots, dry (excluding dehydrated)",149136.0
1975,Cebolla,"Onions and shallots, dry (excluding dehydrated)",141554.0
1976,Cebolla,"Onions and shallots, dry (excluding dehydrated)",153862.0
1977,Cebolla,"Onions and shallots, dry (excluding dehydrated)",157403.0
1978,Cebolla,"Onions and shallots, dry (excluding dehydrated)",140816.0
1979,Cebolla,"Onions and shallots, dry (excluding dehydrated)",146935.0
1980,Cebolla,"Onions and shallots, dry (excluding dehydrated)",128481.0
1981,Cebolla,"Onions and shallots, dry (excluding dehydrated)",125820.0
1982,Cebolla,"Onions and shallots, dry (excluding dehydrated)",135167.0
1983,Cebolla,"Onions and shallots, dry (excluding dehydrated)",120233.0
1984,Cebolla,"Onions and shallots, dry (excluding dehydrated)",111023.0
1985,Cebolla,"Onions and shallots, dry (excluding dehydrated)",124029.0
1986,Cebolla,"Onions and shallots, dry (excluding dehydrated)",132078.0
1987,Cebolla,"Onions and shallots, dry (excluding dehydrated)",132397.0
1988,Cebolla,"Onions and shallots, dry (excluding dehydrated)",154901.0
1989,Cebolla,"Onions and shallots, dry (excluding dehydrated)",159497.0
1990,Cebolla,"Onions and shallots, dry (excluding dehydrated)",151050.0
1991,Cebolla,"Onions and shallots, dry (excluding dehydrated)",131648.0
1992,Cebolla,"Onions and shallots, dry (excluding dehydrated)",149732.0
1993,Cebolla,"Onions and shallots, dry (excluding dehydrated)",150820.0
1994,Cebolla,"Onions and shallots, dry (excluding dehydrated)",187108.0
1995,Cebolla,"Onions and shallots, dry (excluding dehydrated)",184727.0
1996,Cebolla,"Onions and shallots, dry (excluding dehydrated)",236115.0
1997,Cebolla,"Onions and shallots, dry (excluding dehydrated)",289563.0
1998,Cebolla,"Onions and shallots, dry (excluding dehydrated)",314941.0
1999,Cebolla,"Onions and shallots, dry (excluding dehydrated)",366918.0
2000,Cebolla,"Onions and shallots, dry (excluding dehydrated)",383495.0
2001,Cebolla,"Onions and shallots, dry (excluding dehydrated)",416037.0
2002,Cebolla,"Onions and shallots, dry (excluding dehydrated)",463075.0
2003,Cebolla,"Onions and shallots, dry (excluding dehydrated)",472876.0
2004,Cebolla,"Onions and shallots, dry (excluding dehydrated)",515459.0
2005,Cebolla,"Onions and shallots, dry (excluding dehydrated)",493258.0
2006,Cebolla,"Onions and shallots, dry (excluding dehydrated)",576666.0
2007,Cebolla,"Onions and shallots, dry (excluding dehydrated)",634393.0
2008,Cebolla,"Onions and shallots, dry (excluding dehydrated)",641511.0
2009,Cebolla,"Onions and shallots, dry (excluding dehydrated)",606087.0
2010,Cebolla,"Onions and shallots, dry (excluding dehydrated)",724042.0
2011,Cebolla,"Onions and shallots, dry (excluding dehydrated)",727016.0
2012,Cebolla,"Onions and shallots, dry (excluding dehydrated)",775537.0
2013,Cebolla,"Onions and shallots, dry (excluding dehydrated)",748078.0
2014,Cebolla,"Onions and shallots, dry (excluding dehydrated)",758233.0
2015,Cebolla,"Onions and shallots, dry (excluding dehydrated)",760192.0
2016,Cebolla,"Onions and shallots, dry (excluding dehydrated)",705633.41
2017,Cebolla,"Onions and shallots, dry (excluding dehydrated)",722436.0
2018,Cebolla,"Onions and shallots, dry (excluding dehydrated)",643836.39
2019,Cebolla,"Onions and shallots, dry (excluding dehydrated)",636218.3
2020,Cebolla,"Onions and shallots, dry (excluding dehydrated)",604802.67
2021,Cebolla,"Onions and shallots, dry (excluding dehydrated)",602278.18
2022,Cebolla,"Onions and shallots, dry (excluding dehydrated)",516088.78
2023,Cebolla,"Onions and shallots, dry (excluding dehydrated)",539375.45
2024,Cebolla,"Onions and shallots, dry (excluding dehydrated)",592516.26
1961,Esparrago,Asparagus,5000.0
1962,Esparrago,Asparagus,5000.0
1963,Esparrago,Asparagus,5000.0
1964,Esparrago,Asparagus,5000.0
1965,Esparrago,Asparagus,5000.0
1966,Esparrago,Asparagus,5313.0
1967,Esparrago,Asparagus,5635.0
1968,Esparrago,Asparagus,4084.0
1969,Esparrago,Asparagus,3930.0
1970,Esparrago,Asparagus,4836.0
1971,Esparrago,Asparagus,2446.0
1972,Esparrago,Asparagus,3133.0
1973,Esparrago,Asparagus,2634.0
1974,Esparrago,Asparagus,2723.0
1975,Esparrago,Asparagus,2715.0
1976,Esparrago,Asparagus,2745.0
1977,Esparrago,Asparagus,4171.0
1978,Esparrago,Asparagus,5466.0
1979,Esparrago,Asparagus,7079.0
1980,Esparrago,Asparagus,4428.0
1981,Esparrago,Asparagus,7575.0
1982,Esparrago,Asparagus,8292.0
1983,Esparrago,Asparagus,8800.0
1984,Esparrago,Asparagus,11393.0
1985,Esparrago,Asparagus,16150.0
1986,Esparrago,Asparagus,16796.0
1987,Esparrago,Asparagus,20344.0
1988,Esparrago,Asparagus,26646.0
1989,Esparrago,Asparagus,41904.0
1990,Esparrago,Asparagus,57996.0
1991,Esparrago,Asparagus,64663.0
1992,Esparrago,Asparagus,73676.0
1993,Esparrago,Asparagus,97322.0
1994,Esparrago,Asparagus,131387.0
1995,Esparrago,Asparagus,108138.0
1996,Esparrago,Asparagus,127598.0
1997,Esparrago,Asparagus,144654.0
1998,Esparrago,Asparagus,137943.0
1999,Esparrago,Asparagus,174863.0
2000,Esparrago,Asparagus,168356.0
2001,Esparrago,Asparagus,184061.0
2002,Esparrago,Asparagus,181165.0
2003,Esparrago,Asparagus,189601.0
2004,Esparrago,Asparagus,192533.0
2005,Esparrago,Asparagus,206026.0
2006,Esparrago,Asparagus,259954.0
2007,Esparrago,Asparagus,284103.0
2008,Esparrago,Asparagus,328374.0
2009,Esparrago,Asparagus,313880.0
2010,Esparrago,Asparagus,335209.0
2011,Esparrago,Asparagus,392306.0
2012,Esparrago,Asparagus,375977.71
2013,Esparrago,Asparagus,383143.73
2014,Esparrago,Asparagus,377701.0
2015,Esparrago,Asparagus,369032.0
2016,Esparrago,Asparagus,378305.79
2017,Esparrago,Asparagus,383098.0
2018,Esparrago,Asparagus,360630.14
2019,Esparrago,Asparagus,356789.56
2020,Esparrago,Asparagus,369370.0
2021,Esparrago,Asparagus,369153.0
2022,Esparrago,Asparagus,377246.1
2023,Esparrago,Asparagus,356728.51
2024,Esparrago,Asparagus,333054.75
1961,Frijol,"Beans, dry",42530.0
1962,Frijol,"Beans, dry",45360.0
1963,Frijol,"Beans, dry",42360.0
1964,Frijol,"Beans, dry",44734.0
1965,Frijol,"Beans, dry",48424.0
1966,Frijol,"Beans, dry",65285.0
1967,Frijol,"Beans, dry",76471.0
1968,Frijol,"Beans, dry",50703.0
1969,Frijol,"Beans, dry",64616.0
1970,Frijol,"Beans, dry",62918.0
1971,Frijol,"Beans, dry",58271.0
1972,Frijol,"Beans, dry",59805.0
1973,Frijol,"Beans, dry",60374.0
1974,Frijol,"Beans, dry",61653.0
1975,Frijol,"Beans, dry",57530.0
1976,Frijol,"Beans, dry",59610.0
1977,Frijol,"Beans, dry",56109.0
1978,Frijol,"Beans, dry",54452.0
1979,Frijol,"Beans, dry",54865.0
1980,Frijol,"Beans, dry",50843.0
1981,Frijol,"Beans, dry",55910.0
1982,Frijol,"Beans, dry",54481.0
1983,Frijol,"Beans, dry",42443.0
1984,Frijol,"Beans, dry",51702.0
1985,Frijol,"Beans, dry",50423.0
1986,Frijol,"Beans, dry",58050.0
1987,Frijol,"Beans, dry",60438.0
1988,Frijol,"Beans, dry",56882.0
1989,Frijol,"Beans, dry",58604.0
1990,Frijol,"Beans, dry",50337.0
1991,Frijol,"Beans, dry",53004.0
1992,Frijol,"Beans, dry",44096.0
1993,Frijol,"Beans, dry",54030.0
1994,Frijol,"Beans, dry",62802.0
1995,Frijol,"Beans, dry",59531.0
1996,Frijol,"Beans, dry",69043.0
1997,Frijol,"Beans, dry",62687.0
1998,Frijol,"Beans, dry",68816.0
1999,Frijol,"Beans, dry",70501.0
2000,Frijol,"Beans, dry",69815.0
2001,Frijol,"Beans, dry",61280.0
2002,Frijol,"Beans, dry",62424.0
2003,Frijol,"Beans, dry",59196.0
2004,Frijol,"Beans, dry",58524.0
2005,Frijol,"Beans, dry",71667.0
2006,Frijol,"Beans, dry",83008.0
2007,Frijol,"Beans, dry",81788.0
2008,Frijol,"Beans, dry",86145.0
2009,Frijol,"Beans, dry",98608.0
2010,Frijol,"Beans, dry",92758.0
2011,Frijol,"Beans, dry",87853.0
2012,Frijol,"Beans, dry",92475.71
2013,Frijol,"Beans, dry",94574.0
2014,Frijol,"Beans, dry",89517.0
2015,Frijol,"Beans, dry",89575.0
2016,Frijol,"Beans, dry",80886.75
2017,Frijol,"Beans, dry",75706.0
2018,Frijol,"Beans, dry",88370.47
2019,Frijol,"Beans, dry",85745.56
2020,Frijol,"Beans, dry",87227.43
2021,Frijol,"Beans, dry",92608.78
2022,Frijol,"Beans, dry",87865.82
2023,Frijol,"Beans, dry",92007.16
2024,Frijol,"Beans, dry",93597.97
1961,Haba,"Broad beans and horse beans, dry",23500.0
1962,Haba,"Broad beans and horse beans, dry",32978.0
1963,Haba,"Broad beans and horse beans, dry",34920.0
1964,Haba,"Broad beans and horse beans, dry",35321.0
1965,Haba,"Broad beans and horse beans, dry",20786.0
1966,Haba,"Broad beans and horse beans, dry",20467.0
1967,Haba,"Broad beans and horse beans, dry",22395.0
1968,Haba,"Broad beans and horse beans, dry",16938.0
1969,Haba,"Broad beans and horse beans, dry",20117.0
1970,Haba,"Broad beans and horse beans, dry",21028.0
1971,Haba,"Broad beans and horse beans, dry",20113.0
1972,Haba,"Broad beans and horse beans, dry",20838.0
1973,Haba,"Broad beans and horse beans, dry",22182.0
1974,Haba,"Broad beans and horse beans, dry",22739.0
1975,Haba,"Broad beans and horse beans, dry",20798.0
1976,Haba,"Broad beans and horse beans, dry",20597.0
1977,Haba,"Broad beans and horse beans, dry",20859.0
1978,Haba,"Broad beans and horse beans, dry",20249.0
1979,Haba,"Broad beans and horse beans, dry",20628.0
1980,Haba,"Broad beans and horse beans, dry",22217.0
1981,Haba,"Broad beans and horse beans, dry",24375.0
1982,Haba,"Broad beans and horse beans, dry",26653.0
1983,Haba,"Broad beans and horse beans, dry",22642.0
1984,Haba,"Broad beans and horse beans, dry",22500.0
1985,Haba,"Broad beans and horse beans, dry",22269.0
1986,Haba,"Broad beans and horse beans, dry",23593.0
1987,Haba,"Broad beans and horse beans, dry",22392.0
1988,Haba,"Broad beans and horse beans, dry",22659.0
1989,Haba,"Broad beans and horse beans, dry",20117.0
1990,Haba,"Broad beans and horse beans, dry",13111.0
1991,Haba,"Broad beans and horse beans, dry",28089.0
1992,Haba,"Broad beans and horse beans, dry",15597.0
1993,Haba,"Broad beans and horse beans, dry",24702.0
1994,Haba,"Broad beans and horse beans, dry",25920.0
1995,Haba,"Broad beans and horse beans, dry",27947.0
1996,Haba,"Broad beans and horse beans, dry",31178.0
1997,Haba,"Broad beans and horse beans, dry",33241.0
1998,Haba,"Broad beans and horse beans, dry",38129.0
1999,Haba,"Broad beans and horse beans, dry",40856.0
2000,Haba,"Broad beans and horse beans, dry",48805.0
2001,Haba,"Broad beans and horse beans, dry",45050.0
2002,Haba,"Broad beans and horse beans, dry",48421.0
2003,Haba,"Broad beans and horse beans, dry",51556.0
2004,Haba,"Broad beans and horse beans, dry",47225.0
2005,Haba,"Broad beans and horse beans, dry",52881.0
2006,Haba,"Broad beans and horse beans, dry",57551.0
2007,Haba,"Broad beans and horse beans, dry",61325.0
2008,Haba,"Broad beans and horse beans, dry",64308.0
2009,Haba,"Broad beans and horse beans, dry",69634.0
2010,Haba,"Broad beans and horse beans, dry",67110.0
2011,Haba,"Broad beans and horse beans, dry",64646.0
2012,Haba,"Broad beans and horse beans, dry",73698.07
2013,Haba,"Broad beans and horse beans, dry",78673.0
2014,Haba,"Broad beans and horse beans, dry",81144.0
2015,Haba,"Broad beans and horse beans, dry",80526.0
2016,Haba,"Broad beans and horse beans, dry",71918.59
2017,Haba,"Broad beans and horse beans, dry",72818.0
2018,Haba,"Broad beans and horse beans, dry",80154.23
2019,Haba,"Broad beans and horse beans, dry",83230.23
2020,Haba,"Broad beans and horse beans, dry",82836.05
2021,Haba,"Broad beans and horse beans, dry",82249.21
2022,Haba,"Broad beans and horse beans, dry",87048.04
2023,Haba,"Broad beans and horse beans, dry",81010.62
2024,Haba,"Broad beans and horse beans, dry",103508.33
2007,Jengibre,"Ginger, raw",280.0
2008,Jengibre,"Ginger, raw",600.0
2009,Jengibre,"Ginger, raw",800.0
2010,Jengibre,"Ginger, raw",2300.0
2011,Jengibre,"Ginger, raw",2300.0
2012,Jengibre,"Ginger, raw",2100.0
2013,Jengibre,"Ginger, raw",3800.0
2014,Jengibre,"Ginger, raw",12900.0
2015,Jengibre,"Ginger, raw",11150.0
2016,Jengibre,"Ginger, raw",15100.0
2017,Jengibre,"Ginger, raw",27170.0
2018,Jengibre,"Ginger, raw",21700.0
2019,Jengibre,"Ginger, raw",36141.12
2020,Jengibre,"Ginger, raw",48800.0
2021,Jengibre,"Ginger, raw",55500.0
2022,Jengibre,"Ginger, raw",64215.43
2023,Jengibre,"Ginger, raw",75000.0
2024,Jengibre,"Ginger, raw",81706.75
1961,Limon,Lemons and limes,55000.0
1962,Limon,Lemons and limes,56000.0
1963,Limon,Lemons and limes,58000.0
1964,Limon,Lemons and limes,60000.0
1965,Limon,Lemons and limes,62000.0
1966,Limon,Lemons and limes,66845.0
1967,Limon,Lemons and limes,70927.0
1968,Limon,Lemons and limes,73536.0
1969,Limon,Lemons and limes,96263.0
1970,Limon,Lemons and limes,78243.0
1971,Limon,Lemons and limes,57895.0
1972,Limon,Lemons and limes,65072.0
1973,Limon,Lemons and limes,69454.0
1974,Limon,Lemons and limes,73172.0
1975,Limon,Lemons and limes,67561.0
1976,Limon,Lemons and limes,66682.0
1977,Limon,Lemons and limes,88236.0
1978,Limon,Lemons and limes,87814.0
1979,Limon,Lemons and limes,75099.0
1980,Limon,Lemons and limes,71465.0
1981,Limon,Lemons and limes,77873.0
1982,Limon,Lemons and limes,73539.0
1983,Limon,Lemons and limes,50822.0
1984,Limon,Lemons and limes,90605.0
1985,Limon,Lemons and limes,90711.0
1986,Limon,Lemons and limes,115761.0
1987,Limon,Lemons and limes,138264.0
1988,Limon,Lemons and limes,111880.0
1989,Limon,Lemons and limes,206236.0
1990,Limon,Lemons and limes,189145.0
1991,Limon,Lemons and limes,224343.0
1992,Limon,Lemons and limes,203164.0
1993,Limon,Lemons and limes,192141.0
1994,Limon,Lemons and limes,235468.0
1995,Limon,Lemons and limes,262146.0
1996,Limon,Lemons and limes,275549.0
1997,Limon,Lemons and limes,335356.0
1998,Limon,Lemons and limes,218349.0
1999,Limon,Lemons and limes,235850.0
2000,Limon,Lemons and limes,238179.0
2001,Limon,Lemons and limes,204004.0
2002,Limon,Lemons and limes,254343.0
2003,Limon,Lemons and limes,250229.0
2004,Limon,Lemons and limes,210696.0
2005,Limon,Lemons and limes,225796.0
2006,Limon,Lemons and limes,226000.0
2007,Limon,Lemons and limes,280772.0
2008,Limon,Lemons and limes,233793.0
2009,Limon,Lemons and limes,207963.0
2010,Limon,Lemons and limes,233032.0
2011,Limon,Lemons and limes,224698.0
2012,Limon,Lemons and limes,232742.02
2013,Limon,Lemons and limes,238991.0
2014,Limon,Lemons and limes,275520.0
2015,Limon,Lemons and limes,281007.0
2016,Limon,Lemons and limes,282918.09
2017,Limon,Lemons and limes,179886.0
2018,Limon,Lemons and limes,270669.0
2019,Limon,Lemons and limes,302019.0
2020,Limon,Lemons and limes,315171.79
2021,Limon,Lemons and limes,337678.04
2022,Limon,Lemons and limes,368694.34
2023,Limon,Lemons and limes,299934.3
2024,Limon,Lemons and limes,419068.5
1961,Maiz,Maize (corn),340037.0
1962,Maiz,Maize (corn),357274.0
1963,Maiz,Maize (corn),362330.0
1964,Maiz,Maize (corn),502580.0
1965,Maiz,Maize (corn),557171.0
1966,Maiz,Maize (corn),581008.0
1967,Maiz,Maize (corn),590575.0
1968,Maiz,Maize (corn),525835.0
1969,Maiz,Maize (corn),589698.0
1970,Maiz,Maize (corn),614619.0
1971,Maiz,Maize (corn),616368.0
1972,Maiz,Maize (corn),628323.0
1973,Maiz,Maize (corn),599490.0
1974,Maiz,Maize (corn),605632.0
1975,Maiz,Maize (corn),634687.0
1976,Maiz,Maize (corn),725659.0
1977,Maiz,Maize (corn),733873.0
1978,Maiz,Maize (corn),590014.0
1979,Maiz,Maize (corn),621457.0
1980,Maiz,Maize (corn),493307.0
1981,Maiz,Maize (corn),590805.0
1982,Maiz,Maize (corn),658558.0
1983,Maiz,Maize (corn),625645.0
1984,Maiz,Maize (corn),775558.0
1985,Maiz,Maize (corn),702470.0
1986,Maiz,Maize (corn),876307.0
1987,Maiz,Maize (corn),909434.0
1988,Maiz,Maize (corn),908336.0
1989,Maiz,Maize (corn),1009860.0
1990,Maiz,Maize (corn),631815.0
1991,Maiz,Maize (corn),659779.0
1992,Maiz,Maize (corn),519965.0
1993,Maiz,Maize (corn),772382.0
1994,Maiz,Maize (corn),725069.0
1995,Maiz,Maize (corn),715188.0
1996,Maiz,Maize (corn),1013192.0
1997,Maiz,Maize (corn),833360.0
1998,Maiz,Maize (corn),939079.0
1999,Maiz,Maize (corn),1057020.0
2000,Maiz,Maize (corn),1240969.0
2001,Maiz,Maize (corn),1310920.0
2002,Maiz,Maize (corn),1290862.0
2003,Maiz,Maize (corn),1353812.0
2004,Maiz,Maize (corn),1200047.0
2005,Maiz,Maize (corn),1240780.0
2006,Maiz,Maize (corn),1268975.0
2007,Maiz,Maize (corn),1368244.0
2008,Maiz,Maize (corn),1480896.0
2009,Maiz,Maize (corn),1559745.0
2010,Maiz,Maize (corn),1541195.0
2011,Maiz,Maize (corn),1515774.0
2012,Maiz,Maize (corn),1673873.64
2013,Maiz,Maize (corn),1670470.0
2014,Maiz,Maize (corn),1529636.0
2015,Maiz,Maize (corn),1746428.0
2016,Maiz,Maize (corn),1575955.17
2017,Maiz,Maize (corn),1523469.0
2018,Maiz,Maize (corn),1576752.0
2019,Maiz,Maize (corn),1575955.0
2020,Maiz,Maize (corn),1448383.0
2021,Maiz,Maize (corn),1582556.54
2022,Maiz,Maize (corn),1611950.53
2023,Maiz,Maize (corn),1642766.07
2024,Maiz,Maize (corn),1686076.72
1961,Maiz_choclo,Green corn (maize),90000.0
1962,Maiz_choclo,Green corn (maize),100000.0
1963,Maiz_choclo,Green corn (maize),100000.0
1964,Maiz_choclo,Green corn (maize),100000.0
1965,Maiz_choclo,Green corn (maize),83495.0
1966,Maiz_choclo,Green corn (maize),108451.0
1967,Maiz_choclo,Green corn (maize),119730.0
1968,Maiz_choclo,Green corn (maize),89039.0
1969,Maiz_choclo,Green corn (maize),121807.0
1970,Maiz_choclo,Green corn (maize),133405.0
1971,Maiz_choclo,Green corn (maize),136947.0
1972,Maiz_choclo,Green corn (maize),144878.0
1973,Maiz_choclo,Green corn (maize),148811.0
1974,Maiz_choclo,Green corn (maize),151797.0
1975,Maiz_choclo,Green corn (maize),157799.0
1976,Maiz_choclo,Green corn (maize),145168.0
1977,Maiz_choclo,Green corn (maize),134630.0
1978,Maiz_choclo,Green corn (maize),135482.0
1979,Maiz_choclo,Green corn (maize),129334.0
1980,Maiz_choclo,Green corn (maize),120896.0
1981,Maiz_choclo,Green corn (maize),123926.0
1982,Maiz_choclo,Green corn (maize),143038.0
1983,Maiz_choclo,Green corn (maize),117833.0
1984,Maiz_choclo,Green corn (maize),130432.0
1985,Maiz_choclo,Green corn (maize),144516.0
1986,Maiz_choclo,Green corn (maize),145077.0
1987,Maiz_choclo,Green corn (maize),161691.0
1988,Maiz_choclo,Green corn (maize),165518.0
1989,Maiz_choclo,Green corn (maize),181215.0
1990,Maiz_choclo,Green corn (maize),161983.0
1991,Maiz_choclo,Green corn (maize),169039.0
1992,Maiz_choclo,Green corn (maize),157466.0
1993,Maiz_choclo,Green corn (maize),173472.0
1994,Maiz_choclo,Green corn (maize),195640.0
1995,Maiz_choclo,Green corn (maize),219443.0
1996,Maiz_choclo,Green corn (maize),202732.0
1997,Maiz_choclo,Green corn (maize),235744.0
1998,Maiz_choclo,Green corn (maize),297743.0
1999,Maiz_choclo,Green corn (maize),348346.0
2000,Maiz_choclo,Green corn (maize),370451.0
2001,Maiz_choclo,Green corn (maize),369437.0
2002,Maiz_choclo,Green corn (maize),399621.0
2003,Maiz_choclo,Green corn (maize),407123.0
2004,Maiz_choclo,Green corn (maize),377904.0
2005,Maiz_choclo,Green corn (maize),351341.0
2006,Maiz_choclo,Green corn (maize),360600.0
2007,Maiz_choclo,Green corn (maize),332255.0
2008,Maiz_choclo,Green corn (maize),374145.0
2009,Maiz_choclo,Green corn (maize),394183.0
2010,Maiz_choclo,Green corn (maize),408181.0
2011,Maiz_choclo,Green corn (maize),367994.0
2012,Maiz_choclo,Green corn (maize),361573.0
2013,Maiz_choclo,Green corn (maize),399343.0
2014,Maiz_choclo,Green corn (maize),403405.0
2015,Maiz_choclo,Green corn (maize),396186.0
2016,Maiz_choclo,Green corn (maize),398750.0
2017,Maiz_choclo,Green corn (maize),388859.0
2018,Maiz_choclo,Green corn (maize),437485.68
2019,Maiz_choclo,Green corn (maize),417066.42
2020,Maiz_choclo,Green corn (maize),413298.18
2021,Maiz_choclo,Green corn (maize),472010.38
2022,Maiz_choclo,Green corn (maize),494510.54
2023,Maiz_choclo,Green corn (maize),450123.57
2024,Maiz_choclo,Green corn (maize),467269.85
1961,Mandarina,"Tangerines, mandarins, clementines",5600.0
1962,Mandarina,"Tangerines, mandarins, clementines",5900.0
1963,Mandarina,"Tangerines, mandarins, clementines",6300.0
1964,Mandarina,"Tangerines, mandarins, clementines",6750.0
1965,Mandarina,"Tangerines, mandarins, clementines",7000.0
1966,Mandarina,"Tangerines, mandarins, clementines",8014.0
1967,Mandarina,"Tangerines, mandarins, clementines",8792.0
1968,Mandarina,"Tangerines, mandarins, clementines",9360.0
1969,Mandarina,"Tangerines, mandarins, clementines",13699.0
1970,Mandarina,"Tangerines, mandarins, clementines",14654.0
1971,Mandarina,"Tangerines, mandarins, clementines",17615.0
1972,Mandarina,"Tangerines, mandarins, clementines",17721.0
1973,Mandarina,"Tangerines, mandarins, clementines",17747.0
1974,Mandarina,"Tangerines, mandarins, clementines",18450.0
1975,Mandarina,"Tangerines, mandarins, clementines",18319.0
1976,Mandarina,"Tangerines, mandarins, clementines",18038.0
1977,Mandarina,"Tangerines, mandarins, clementines",19210.0
1978,Mandarina,"Tangerines, mandarins, clementines",19587.0
1979,Mandarina,"Tangerines, mandarins, clementines",21103.0
1980,Mandarina,"Tangerines, mandarins, clementines",19198.0
1981,Mandarina,"Tangerines, mandarins, clementines",21704.0
1982,Mandarina,"Tangerines, mandarins, clementines",22072.0
1983,Mandarina,"Tangerines, mandarins, clementines",22435.0
1984,Mandarina,"Tangerines, mandarins, clementines",23759.0
1985,Mandarina,"Tangerines, mandarins, clementines",23620.0
1986,Mandarina,"Tangerines, mandarins, clementines",27174.0
1987,Mandarina,"Tangerines, mandarins, clementines",32196.0
1988,Mandarina,"Tangerines, mandarins, clementines",36667.0
1989,Mandarina,"Tangerines, mandarins, clementines",42129.0
1990,Mandarina,"Tangerines, mandarins, clementines",41163.0
1991,Mandarina,"Tangerines, mandarins, clementines",54700.0
1992,Mandarina,"Tangerines, mandarins, clementines",53632.0
1993,Mandarina,"Tangerines, mandarins, clementines",55096.0
1994,Mandarina,"Tangerines, mandarins, clementines",73067.0
1995,Mandarina,"Tangerines, mandarins, clementines",83020.0
1996,Mandarina,"Tangerines, mandarins, clementines",113450.0
1997,Mandarina,"Tangerines, mandarins, clementines",98643.0
1998,Mandarina,"Tangerines, mandarins, clementines",89756.0
1999,Mandarina,"Tangerines, mandarins, clementines",116771.0
2000,Mandarina,"Tangerines, mandarins, clementines",128609.0
2001,Mandarina,"Tangerines, mandarins, clementines",129488.0
2002,Mandarina,"Tangerines, mandarins, clementines",133198.0
2003,Mandarina,"Tangerines, mandarins, clementines",161209.0
2004,Mandarina,"Tangerines, mandarins, clementines",175435.0
2005,Mandarina,"Tangerines, mandarins, clementines",171319.0
2006,Mandarina,"Tangerines, mandarins, clementines",187299.0
2007,Mandarina,"Tangerines, mandarins, clementines",190410.0
2008,Mandarina,"Tangerines, mandarins, clementines",187165.0
2009,Mandarina,"Tangerines, mandarins, clementines",166072.0
2010,Mandarina,"Tangerines, mandarins, clementines",221324.0
2011,Mandarina,"Tangerines, mandarins, clementines",236282.0
2012,Mandarina,"Tangerines, mandarins, clementines",281061.19
2013,Mandarina,"Tangerines, mandarins, clementines",313719.0
2014,Mandarina,"Tangerines, mandarins, clementines",339604.0
2015,Mandarina,"Tangerines, mandarins, clementines",357912.0
2016,Mandarina,"Tangerines, mandarins, clementines",403857.0
2017,Mandarina,"Tangerines, mandarins, clementines",408025.0
2018,Mandarina,"Tangerines, mandarins, clementines",481593.96
2019,Mandarina,"Tangerines, mandarins, clementines",503220.3
2020,Mandarina,"Tangerines, mandarins, clementines",526142.06
2021,Mandarina,"Tangerines, mandarins, clementines",588357.6
2022,Mandarina,"Tangerines, mandarins, clementines",638959.61
2023,Mandarina,"Tangerines, mandarins, clementines",656125.1
2024,Mandarina,"Tangerines, mandarins, clementines",651352.52
1961,Mango,"Mangoes, guavas and mangosteens",40000.0
1962,Mango,"Mangoes, guavas and mangosteens",40000.0
1963,Mango,"Mangoes, guavas and mangosteens",40000.0
1964,Mango,"Mangoes, guavas and mangosteens",40000.0
1965,Mango,"Mangoes, guavas and mangosteens",40336.0
1966,Mango,"Mangoes, guavas and mangosteens",43375.0
1967,Mango,"Mangoes, guavas and mangosteens",45976.0
1968,Mango,"Mangoes, guavas and mangosteens",64134.0
1969,Mango,"Mangoes, guavas and mangosteens",44615.0
1970,Mango,"Mangoes, guavas and mangosteens",65097.0
1971,Mango,"Mangoes, guavas and mangosteens",59748.0
1972,Mango,"Mangoes, guavas and mangosteens",76688.0
1973,Mango,"Mangoes, guavas and mangosteens",78408.0
1974,Mango,"Mangoes, guavas and mangosteens",82780.0
1975,Mango,"Mangoes, guavas and mangosteens",64441.0
1976,Mango,"Mangoes, guavas and mangosteens",69319.0
1977,Mango,"Mangoes, guavas and mangosteens",86921.0
1978,Mango,"Mangoes, guavas and mangosteens",79386.0
1979,Mango,"Mangoes, guavas and mangosteens",79899.0
1980,Mango,"Mangoes, guavas and mangosteens",58584.0
1981,Mango,"Mangoes, guavas and mangosteens",80316.0
1982,Mango,"Mangoes, guavas and mangosteens",63000.0
1983,Mango,"Mangoes, guavas and mangosteens",54715.0
1984,Mango,"Mangoes, guavas and mangosteens",95715.0
1985,Mango,"Mangoes, guavas and mangosteens",87490.0
1986,Mango,"Mangoes, guavas and mangosteens",80488.0
1987,Mango,"Mangoes, guavas and mangosteens",50641.0
1988,Mango,"Mangoes, guavas and mangosteens",75783.0
1989,Mango,"Mangoes, guavas and mangosteens",67180.0
1990,Mango,"Mangoes, guavas and mangosteens",61118.0
1991,Mango,"Mangoes, guavas and mangosteens",67909.0
1992,Mango,"Mangoes, guavas and mangosteens",66866.0
1993,Mango,"Mangoes, guavas and mangosteens",84868.0
1994,Mango,"Mangoes, guavas and mangosteens",153416.0
1995,Mango,"Mangoes, guavas and mangosteens",126972.0
1996,Mango,"Mangoes, guavas and mangosteens",110799.0
1997,Mango,"Mangoes, guavas and mangosteens",129657.0
1998,Mango,"Mangoes, guavas and mangosteens",139078.0
1999,Mango,"Mangoes, guavas and mangosteens",191495.0
2000,Mango,"Mangoes, guavas and mangosteens",125185.0
2001,Mango,"Mangoes, guavas and mangosteens",144914.0
2002,Mango,"Mangoes, guavas and mangosteens",179627.0
2003,Mango,"Mangoes, guavas and mangosteens",198490.0
2004,Mango,"Mangoes, guavas and mangosteens",277899.0
2005,Mango,"Mangoes, guavas and mangosteens",235406.0
2006,Mango,"Mangoes, guavas and mangosteens",320267.0
2007,Mango,"Mangoes, guavas and mangosteens",294440.0
2008,Mango,"Mangoes, guavas and mangosteens",322721.0
2009,Mango,"Mangoes, guavas and mangosteens",170609.0
2010,Mango,"Mangoes, guavas and mangosteens",457774.0
2011,Mango,"Mangoes, guavas and mangosteens",355450.0
2012,Mango,"Mangoes, guavas and mangosteens",188997.5
2013,Mango,"Mangoes, guavas and mangosteens",461214.0
2014,Mango,"Mangoes, guavas and mangosteens",380143.0
2015,Mango,"Mangoes, guavas and mangosteens",349805.0
2016,Mango,"Mangoes, guavas and mangosteens",377381.94
2017,Mango,"Mangoes, guavas and mangosteens",385304.0
2018,Mango,"Mangoes, guavas and mangosteens",383020.71
2019,Mango,"Mangoes, guavas and mangosteens",431884.0
2020,Mango,"Mangoes, guavas and mangosteens",518193.94
2021,Mango,"Mangoes, guavas and mangosteens",447344.51
2022,Mango,"Mangoes, guavas and mangosteens",507729.79
2023,Mango,"Mangoes, guavas and mangosteens",338286.37
2024,Mango,"Mangoes, guavas and mangosteens",335655.5
1961,Naranja,Oranges,118800.0
1962,Naranja,Oranges,125400.0
1963,Naranja,Oranges,133000.0
1964,Naranja,Oranges,143000.0
1965,Naranja,Oranges,149000.0
1966,Naranja,Oranges,172674.0
1967,Naranja,Oranges,190791.0
1968,Naranja,Oranges,213168.0
1969,Naranja,Oranges,243309.0
1970,Naranja,Oranges,243495.0
1971,Naranja,Oranges,236942.0
1972,Naranja,Oranges,213448.0
1973,Naranja,Oranges,209544.0
1974,Naranja,Oranges,212855.0
1975,Naranja,Oranges,178272.0
1976,Naranja,Oranges,172924.0
1977,Naranja,Oranges,157896.0
1978,Naranja,Oranges,152518.0
1979,Naranja,Oranges,145154.0
1980,Naranja,Oranges,125576.0
1981,Naranja,Oranges,139273.0
1982,Naranja,Oranges,137548.0
1983,Naranja,Oranges,128006.0
1984,Naranja,Oranges,156125.0
1985,Naranja,Oranges,145438.0
1986,Naranja,Oranges,155762.0
1987,Naranja,Oranges,184208.0
1988,Naranja,Oranges,193908.0
1989,Naranja,Oranges,190745.0
1990,Naranja,Oranges,162624.0
1991,Naranja,Oranges,173732.0
1992,Naranja,Oranges,121317.0
1993,Naranja,Oranges,151737.0
1994,Naranja,Oranges,204168.0
1995,Naranja,Oranges,228280.0
1996,Naranja,Oranges,223460.0
1997,Naranja,Oranges,220874.0
1998,Naranja,Oranges,229213.0
1999,Naranja,Oranges,257018.0
2000,Naranja,Oranges,255747.0
2001,Naranja,Oranges,278219.0
2002,Naranja,Oranges,292361.0
2003,Naranja,Oranges,305757.0
2004,Naranja,Oranges,330352.0
2005,Naranja,Oranges,334495.0
2006,Naranja,Oranges,353839.0
2007,Naranja,Oranges,344267.0
2008,Naranja,Oranges,379977.0
2009,Naranja,Oranges,377598.0
2010,Naranja,Oranges,394573.0
2011,Naranja,Oranges,418631.0
2012,Naranja,Oranges,428753.17
2013,Naranja,Oranges,436387.98
2014,Naranja,Oranges,450423.0
2015,Naranja,Oranges,456154.0
2016,Naranja,Oranges,490869.0
2017,Naranja,Oranges,498454.0
2018,Naranja,Oranges,502843.32
2019,Naranja,Oranges,509767.63
2020,Naranja,Oranges,558614.28
2021,Naranja,Oranges,576229.0
2022,Naranja,Oranges,591399.78
2023,Naranja,Oranges,569988.02
2024,Naranja,Oranges,555013.66
1961,Palma_aceitera,Oil palm fruit,0.0
1962,Palma_aceitera,Oil palm fruit,0.0
1963,Palma_aceitera,Oil palm fruit,0.0
1964,Palma_aceitera,Oil palm fruit,0.0
1965,Palma_aceitera,Oil palm fruit,0.0
1966,Palma_aceitera,Oil palm fruit,0.0
1967,Palma_aceitera,Oil palm fruit,0.0
1968,Palma_aceitera,Oil palm fruit,0.0
1969,Palma_aceitera,Oil palm fruit,0.0
1970,Palma_aceitera,Oil palm fruit,278.0
1971,Palma_aceitera,Oil palm fruit,776.0
1972,Palma_aceitera,Oil palm fruit,18.0
1973,Palma_aceitera,Oil palm fruit,18.0
1974,Palma_aceitera,Oil palm fruit,18.0
1975,Palma_aceitera,Oil palm fruit,4344.0
1976,Palma_aceitera,Oil palm fruit,4118.0
1977,Palma_aceitera,Oil palm fruit,17959.0
1978,Palma_aceitera,Oil palm fruit,21954.0
1979,Palma_aceitera,Oil palm fruit,24053.0
1980,Palma_aceitera,Oil palm fruit,60000.0
1981,Palma_aceitera,Oil palm fruit,62000.0
1982,Palma_aceitera,Oil palm fruit,64000.0
1983,Palma_aceitera,Oil palm fruit,70000.0
1984,Palma_aceitera,Oil palm fruit,80000.0
1985,Palma_aceitera,Oil palm fruit,48699.0
1986,Palma_aceitera,Oil palm fruit,51068.0
1987,Palma_aceitera,Oil palm fruit,114190.0
1988,Palma_aceitera,Oil palm fruit,103606.0
1989,Palma_aceitera,Oil palm fruit,134860.0
1990,Palma_aceitera,Oil palm fruit,115800.0
1991,Palma_aceitera,Oil palm fruit,106100.0
1992,Palma_aceitera,Oil palm fruit,99800.0
1993,Palma_aceitera,Oil palm fruit,133500.0
1994,Palma_aceitera,Oil palm fruit,145073.0
1995,Palma_aceitera,Oil palm fruit,134100.0
1996,Palma_aceitera,Oil palm fruit,128098.0
1997,Palma_aceitera,Oil palm fruit,143760.0
1998,Palma_aceitera,Oil palm fruit,173184.0
1999,Palma_aceitera,Oil palm fruit,198852.0
2000,Palma_aceitera,Oil palm fruit,140088.0
2001,Palma_aceitera,Oil palm fruit,175821.0
2002,Palma_aceitera,Oil palm fruit,148965.0
2003,Palma_aceitera,Oil palm fruit,180446.0
2004,Palma_aceitera,Oil palm fruit,208538.0
2005,Palma_aceitera,Oil palm fruit,199941.0
2006,Palma_aceitera,Oil palm fruit,236374.0
2007,Palma_aceitera,Oil palm fruit,238448.0
2008,Palma_aceitera,Oil palm fruit,265250.0
2009,Palma_aceitera,Oil palm fruit,268268.0
2010,Palma_aceitera,Oil palm fruit,291802.0
2011,Palma_aceitera,Oil palm fruit,359784.0
2012,Palma_aceitera,Oil palm fruit,518319.0
2013,Palma_aceitera,Oil palm fruit,566583.0
2014,Palma_aceitera,Oil palm fruit,617634.0
2015,Palma_aceitera,Oil palm fruit,684301.0
2016,Palma_aceitera,Oil palm fruit,736345.0
2017,Palma_aceitera,Oil palm fruit,852022.0
2018,Palma_aceitera,Oil palm fruit,921000.61
2019,Palma_aceitera,Oil palm fruit,932210.29
2020,Palma_aceitera,Oil palm fruit,898480.73
2021,Palma_aceitera,Oil palm fruit,1172587.16
2022,Palma_aceitera,Oil palm fruit,1504600.49
2023,Palma_aceitera,Oil palm fruit,1436282.54
2024,Palma_aceitera,Oil palm fruit,1469056.75
1961,Palta,Avocados,19910.0
1962,Palta,Avocados,20930.0
1963,Palta,Avocados,22460.0
1964,Palta,Avocados,23645.0
1965,Palta,Avocados,29815.0
1966,Palta,Avocados,46522.0
1967,Palta,Avocados,45305.0
1968,Palta,Avocados,49053.0
1969,Palta,Avocados,66388.0
1970,Palta,Avocados,87396.0
1971,Palta,Avocados,96384.0
1972,Palta,Avocados,104904.0
1973,Palta,Avocados,104253.0
1974,Palta,Avocados,104047.0
1975,Palta,Avocados,85788.0
1976,Palta,Avocados,82938.0
1977,Palta,Avocados,83916.0
1978,Palta,Avocados,83480.0
1979,Palta,Avocados,82606.0
1980,Palta,Avocados,73518.0
1981,Palta,Avocados,77005.0
1982,Palta,Avocados,86107.0
1983,Palta,Avocados,77556.0
1984,Palta,Avocados,83012.0
1985,Palta,Avocados,70707.0
1986,Palta,Avocados,80148.0
1987,Palta,Avocados,83873.0
1988,Palta,Avocados,86200.0
1989,Palta,Avocados,87318.0
1990,Palta,Avocados,87928.0
1991,Palta,Avocados,85709.0
1992,Palta,Avocados,96181.0
1993,Palta,Avocados,92658.0
1994,Palta,Avocados,53112.0
1995,Palta,Avocados,53145.0
1996,Palta,Avocados,64408.0
1997,Palta,Avocados,72093.0
1998,Palta,Avocados,67222.0
1999,Palta,Avocados,78037.0
2000,Palta,Avocados,83671.0
2001,Palta,Avocados,93459.0
2002,Palta,Avocados,94236.0
2003,Palta,Avocados,99975.0
2004,Palta,Avocados,108460.0
2005,Palta,Avocados,103417.0
2006,Palta,Avocados,113259.0
2007,Palta,Avocados,121720.0
2008,Palta,Avocados,136303.0
2009,Palta,Avocados,157415.0
2010,Palta,Avocados,184370.0
2011,Palta,Avocados,213662.0
2012,Palta,Avocados,268525.27
2013,Palta,Avocados,288387.0
2014,Palta,Avocados,349317.0
2015,Palta,Avocados,367110.0
2016,Palta,Avocados,455394.17
2017,Palta,Avocados,466796.0
2018,Palta,Avocados,504839.74
2019,Palta,Avocados,571991.85
2020,Palta,Avocados,672232.24
2021,Palta,Avocados,776650.96
2022,Palta,Avocados,798319.12
2023,Palta,Avocados,872133.76
2024,Palta,Avocados,919601.78
1961,Papa,Potatoes,1243666.0
1962,Papa,Potatoes,1232256.0
1963,Papa,Potatoes,1196920.0
1964,Papa,Potatoes,1531130.0
1965,Papa,Potatoes,1568240.0
1966,Papa,Potatoes,1498930.0
1967,Papa,Potatoes,1711741.0
1968,Papa,Potatoes,1526247.0
1969,Papa,Potatoes,1855534.0
1970,Papa,Potatoes,1929470.0
1971,Papa,Potatoes,1967860.0
1972,Papa,Potatoes,1713390.0
1973,Papa,Potatoes,1713094.0
1974,Papa,Potatoes,1722374.0
1975,Papa,Potatoes,1639586.0
1976,Papa,Potatoes,1667000.0
1977,Papa,Potatoes,1615582.0
1978,Papa,Potatoes,1695324.0
1979,Papa,Potatoes,1695116.0
1980,Papa,Potatoes,1511933.0
1981,Papa,Potatoes,1832773.0
1982,Papa,Potatoes,1721265.0
1983,Papa,Potatoes,1317254.0
1984,Papa,Potatoes,1452206.0
1985,Papa,Potatoes,1556770.0
1986,Papa,Potatoes,1657540.0
1987,Papa,Potatoes,1707129.0
1988,Papa,Potatoes,2108064.0
1989,Papa,Potatoes,1690466.0
1990,Papa,Potatoes,1153979.0
1991,Papa,Potatoes,1453560.0
1992,Papa,Potatoes,1003080.0
1993,Papa,Potatoes,1492700.0
1994,Papa,Potatoes,1767247.0
1995,Papa,Potatoes,2368441.0
1996,Papa,Potatoes,2308900.0
1997,Papa,Potatoes,2403510.0
1998,Papa,Potatoes,2631650.0
1999,Papa,Potatoes,3064900.0
2000,Papa,Potatoes,3274860.0
2001,Papa,Potatoes,2690544.0
2002,Papa,Potatoes,3298162.0
2003,Papa,Potatoes,3143874.0
2004,Papa,Potatoes,3008159.0
2005,Papa,Potatoes,3289699.0
2006,Papa,Potatoes,3248416.0
2007,Papa,Potatoes,3388000.0
2008,Papa,Potatoes,3597091.0
2009,Papa,Potatoes,3765289.0
2010,Papa,Potatoes,3814373.0
2011,Papa,Potatoes,4072455.0
2012,Papa,Potatoes,4474712.65
2013,Papa,Potatoes,4570673.0
2014,Papa,Potatoes,4704987.0
2015,Papa,Potatoes,4704976.0
2016,Papa,Potatoes,5389231.02
2017,Papa,Potatoes,4776294.0
2018,Papa,Potatoes,5133927.31
2019,Papa,Potatoes,5389231.02
2020,Papa,Potatoes,5515378.0
2021,Papa,Potatoes,5702349.88
2022,Papa,Potatoes,6047211.38
2023,Papa,Potatoes,5456350.83
2024,Papa,Potatoes,6579754.11
1961,Pina,Pineapples,7000.0
1962,Pina,Pineapples,7000.0
1963,Pina,Pineapples,8000.0
1964,Pina,Pineapples,8000.0
1965,Pina,Pineapples,8201.0
1966,Pina,Pineapples,19023.0
1967,Pina,Pineapples,24577.0
1968,Pina,Pineapples,37133.0
1969,Pina,Pineapples,75349.0
1970,Pina,Pineapples,61971.0
1971,Pina,Pineapples,52898.0
1972,Pina,Pineapples,50466.0
1973,Pina,Pineapples,49984.0
1974,Pina,Pineapples,51164.0
1975,Pina,Pineapples,55940.0
1976,Pina,Pineapples,55300.0
1977,Pina,Pineapples,50607.0
1978,Pina,Pineapples,46616.0
1979,Pina,Pineapples,45734.0
1980,Pina,Pineapples,57605.0
1981,Pina,Pineapples,54967.0
1982,Pina,Pineapples,62011.0
1983,Pina,Pineapples,62193.0
1984,Pina,Pineapples,62539.0
1985,Pina,Pineapples,65383.0
1986,Pina,Pineapples,67523.0
1987,Pina,Pineapples,73480.0
1988,Pina,Pineapples,81740.0
1989,Pina,Pineapples,88917.0
1990,Pina,Pineapples,68423.0
1991,Pina,Pineapples,76175.0
1992,Pina,Pineapples,77296.0
1993,Pina,Pineapples,92936.0
1994,Pina,Pineapples,101908.0
1995,Pina,Pineapples,106746.0
1996,Pina,Pineapples,112835.0
1997,Pina,Pineapples,125542.0
1998,Pina,Pineapples,128583.0
1999,Pina,Pineapples,144466.0
2000,Pina,Pineapples,137668.0
2001,Pina,Pineapples,150570.0
2002,Pina,Pineapples,156318.0
2003,Pina,Pineapples,164731.0
2004,Pina,Pineapples,177055.0
2005,Pina,Pineapples,203930.0
2006,Pina,Pineapples,234281.0
2007,Pina,Pineapples,212059.0
2008,Pina,Pineapples,243492.0
2009,Pina,Pineapples,274393.0
2010,Pina,Pineapples,310566.0
2011,Pina,Pineapples,400429.0
2012,Pina,Pineapples,436807.13
2013,Pina,Pineapples,438576.0
2014,Pina,Pineapples,455297.0
2015,Pina,Pineapples,450635.0
2016,Pina,Pineapples,461285.95
2017,Pina,Pineapples,494642.0
2018,Pina,Pineapples,548464.87
2019,Pina,Pineapples,565203.44
2020,Pina,Pineapples,583627.79
2021,Pina,Pineapples,588840.6
2022,Pina,Pineapples,587731.23
2023,Pina,Pineapples,583018.79
2024,Pina,Pineapples,585409.28
2010,Platano,Bananas,2007284.0
2011,Platano,Bananas,1968051.0
2012,Platano,Bananas,2082089.3
2013,Platano,Bananas,2114853.0
2014,Platano,Bananas,2125839.0
2015,Platano,Bananas,2145361.0
2016,Platano,Bananas,2073994.7
2017,Platano,Bananas,1981047.0
2018,Platano,Bananas,2194857.56
2019,Platano,Bananas,2252171.5
2020,Platano,Bananas,2326085.08
2021,Platano,Bananas,2337153.35
2022,Platano,Bananas,2424180.34
2023,Platano,Bananas,2414867.93
2024,Platano,Bananas,2343310.52
1961,Tomate,Tomatoes,32000.0
1962,Tomate,Tomatoes,22680.0
1963,Tomate,Tomatoes,24380.0
1964,Tomate,Tomatoes,40983.0
1965,Tomate,Tomatoes,50972.0
1966,Tomate,Tomatoes,66478.0
1967,Tomate,Tomatoes,64802.0
1968,Tomate,Tomatoes,61161.0
1969,Tomate,Tomatoes,56981.0
1970,Tomate,Tomatoes,61884.0
1971,Tomate,Tomatoes,60793.0
1972,Tomate,Tomatoes,69835.0
1973,Tomate,Tomatoes,65177.0
1974,Tomate,Tomatoes,69990.0
1975,Tomate,Tomatoes,70511.0
1976,Tomate,Tomatoes,69514.0
1977,Tomate,Tomatoes,75525.0
1978,Tomate,Tomatoes,63188.0
1979,Tomate,Tomatoes,62442.0
1980,Tomate,Tomatoes,67271.0
1981,Tomate,Tomatoes,65413.0
1982,Tomate,Tomatoes,96374.0
1983,Tomate,Tomatoes,67713.0
1984,Tomate,Tomatoes,65245.0
1985,Tomate,Tomatoes,69929.0
1986,Tomate,Tomatoes,82818.0
1987,Tomate,Tomatoes,91900.0
1988,Tomate,Tomatoes,80710.0
1989,Tomate,Tomatoes,78183.0
1990,Tomate,Tomatoes,88487.0
1991,Tomate,Tomatoes,87275.0
1992,Tomate,Tomatoes,93787.0
1993,Tomate,Tomatoes,125595.0
1994,Tomate,Tomatoes,217739.0
1995,Tomate,Tomatoes,170674.0
1996,Tomate,Tomatoes,214983.0
1997,Tomate,Tomatoes,226013.0
1998,Tomate,Tomatoes,179070.0
1999,Tomate,Tomatoes,166458.0
2000,Tomate,Tomatoes,250500.0
2001,Tomate,Tomatoes,188971.0
2002,Tomate,Tomatoes,130631.0
2003,Tomate,Tomatoes,149387.0
2004,Tomate,Tomatoes,183516.0
2005,Tomate,Tomatoes,159206.0
2006,Tomate,Tomatoes,169715.0
2007,Tomate,Tomatoes,173257.0
2008,Tomate,Tomatoes,210685.0
2009,Tomate,Tomatoes,221594.0
2010,Tomate,Tomatoes,224897.0
2011,Tomate,Tomatoes,186002.0
2012,Tomate,Tomatoes,229356.0
2013,Tomate,Tomatoes,253543.0
2014,Tomate,Tomatoes,265948.04
2015,Tomate,Tomatoes,236287.0
2016,Tomate,Tomatoes,232897.89
2017,Tomate,Tomatoes,220618.0
2018,Tomate,Tomatoes,252794.21
2019,Tomate,Tomatoes,201838.27
2020,Tomate,Tomatoes,204052.0
2021,Tomate,Tomatoes,243791.0
2022,Tomate,Tomatoes,210938.96
2023,Tomate,Tomatoes,226113.39
2024,Tomate,Tomatoes,265468.15
1961,Trigo,Wheat,153595.0
1962,Trigo,Wheat,152666.0
1963,Trigo,Wheat,155500.0
1964,Trigo,Wheat,143150.0
1965,Trigo,Wheat,146720.0
1966,Trigo,Wheat,145002.0
1967,Trigo,Wheat,152180.0
1968,Trigo,Wheat,112912.0
1969,Trigo,Wheat,136703.0
1970,Trigo,Wheat,125374.0
1971,Trigo,Wheat,122225.0
1972,Trigo,Wheat,120080.0
1973,Trigo,Wheat,122635.0
1974,Trigo,Wheat,127364.0
1975,Trigo,Wheat,126324.0
1976,Trigo,Wheat,127497.0
1977,Trigo,Wheat,115385.0
1978,Trigo,Wheat,104401.0
1979,Trigo,Wheat,102060.0
1980,Trigo,Wheat,77148.0
1981,Trigo,Wheat,116678.0
1982,Trigo,Wheat,102711.0
1983,Trigo,Wheat,83720.0
1984,Trigo,Wheat,87442.0
1985,Trigo,Wheat,92303.0
1986,Trigo,Wheat,121143.0
1987,Trigo,Wheat,130690.0
1988,Trigo,Wheat,152804.0
1989,Trigo,Wheat,159305.0
1990,Trigo,Wheat,88487.0
1991,Trigo,Wheat,87275.0
1992,Trigo,Wheat,93787.0
1993,Trigo,Wheat,125595.0
1994,Trigo,Wheat,127035.0
1995,Trigo,Wheat,125048.0
1996,Trigo,Wheat,146152.0
1997,Trigo,Wheat,123689.0
1998,Trigo,Wheat,146640.0
1999,Trigo,Wheat,169613.0
2000,Trigo,Wheat,187746.0
2001,Trigo,Wheat,181805.0
2002,Trigo,Wheat,186853.0
2003,Trigo,Wheat,190453.0
2004,Trigo,Wheat,170411.0
2005,Trigo,Wheat,178460.0
2006,Trigo,Wheat,191082.0
2007,Trigo,Wheat,181552.0
2008,Trigo,Wheat,206936.0
2009,Trigo,Wheat,226265.0
2010,Trigo,Wheat,219454.0
2011,Trigo,Wheat,214140.0
2012,Trigo,Wheat,226218.46
2013,Trigo,Wheat,230105.0
2014,Trigo,Wheat,218904.0
2015,Trigo,Wheat,214849.0
2016,Trigo,Wheat,188468.76
2017,Trigo,Wheat,192099.0
2018,Trigo,Wheat,195245.82
2019,Trigo,Wheat,188468.76
2020,Trigo,Wheat,186835.0
2021,Trigo,Wheat,203072.79
2022,Trigo,Wheat,212403.98
2023,Trigo,Wheat,194004.08
2024,Trigo,Wheat,203522.44
1961,Uva,Grapes,56456.0
1962,Uva,Grapes,61900.0
1963,Uva,Grapes,59570.0
1964,Uva,Grapes,55723.0
1965,Uva,Grapes,55369.0
1966,Uva,Grapes,55938.0
1967,Uva,Grapes,53879.0
1968,Uva,Grapes,55862.0
1969,Uva,Grapes,65982.0
1970,Uva,Grapes,56243.0
1971,Uva,Grapes,62824.0
1972,Uva,Grapes,58932.0
1973,Uva,Grapes,61569.0
1974,Uva,Grapes,64159.0
1975,Uva,Grapes,63118.0
1976,Uva,Grapes,63703.0
1977,Uva,Grapes,55009.0
1978,Uva,Grapes,51160.0
1979,Uva,Grapes,50767.0
1980,Uva,Grapes,56496.0
1981,Uva,Grapes,55034.0
1982,Uva,Grapes,49418.0
1983,Uva,Grapes,45467.0
1984,Uva,Grapes,35600.0
1985,Uva,Grapes,51613.0
1986,Uva,Grapes,46787.0
1987,Uva,Grapes,56401.0
1988,Uva,Grapes,47352.0
1989,Uva,Grapes,65467.0
1990,Uva,Grapes,55431.0
1991,Uva,Grapes,56100.0
1992,Uva,Grapes,43363.0
1993,Uva,Grapes,47441.0
1994,Uva,Grapes,64916.0
1995,Uva,Grapes,81446.0
1996,Uva,Grapes,90514.0
1997,Uva,Grapes,114388.0
1998,Uva,Grapes,75922.0
1999,Uva,Grapes,98204.0
2000,Uva,Grapes,107035.0
2001,Uva,Grapes,127516.0
2002,Uva,Grapes,135530.0
2003,Uva,Grapes,145966.0
2004,Uva,Grapes,155445.0
2005,Uva,Grapes,169540.0
2006,Uva,Grapes,191642.0
2007,Uva,Grapes,196604.0
2008,Uva,Grapes,223371.0
2009,Uva,Grapes,264367.0
2010,Uva,Grapes,280468.0
2011,Uva,Grapes,296902.0
2012,Uva,Grapes,361869.87
2013,Uva,Grapes,438251.6
2014,Uva,Grapes,507097.0
2015,Uva,Grapes,597939.0
2016,Uva,Grapes,689957.31
2017,Uva,Grapes,645012.0
2018,Uva,Grapes,645545.06
2019,Uva,Grapes,639814.93
2020,Uva,Grapes,733472.46
2021,Uva,Grapes,826369.93
2022,Uva,Grapes,826724.82
2023,Uva,Grapes,992456.1
2024,Uva,Grapes,948130.79
1961,Yuca,"Cassava, fresh",364555.0
1962,Yuca,"Cassava, fresh",376625.0
1963,Yuca,"Cassava, fresh",399920.0
1964,Yuca,"Cassava, fresh",496520.0
1965,Yuca,"Cassava, fresh",449275.0
1966,Yuca,"Cassava, fresh",486751.0
1967,Yuca,"Cassava, fresh",506823.0
1968,Yuca,"Cassava, fresh",399141.0
1969,Yuca,"Cassava, fresh",449891.0
1970,Yuca,"Cassava, fresh",498316.0
1971,Yuca,"Cassava, fresh",481925.0
1972,Yuca,"Cassava, fresh",446028.0
1973,Yuca,"Cassava, fresh",460306.0
1974,Yuca,"Cassava, fresh",468917.0
1975,Yuca,"Cassava, fresh",399699.0
1976,Yuca,"Cassava, fresh",402486.0
1977,Yuca,"Cassava, fresh",413973.0
1978,Yuca,"Cassava, fresh",409985.0
1979,Yuca,"Cassava, fresh",402565.0
1980,Yuca,"Cassava, fresh",471476.0
1981,Yuca,"Cassava, fresh",485194.0
1982,Yuca,"Cassava, fresh",479673.0
1983,Yuca,"Cassava, fresh",485443.0
1984,Yuca,"Cassava, fresh",498521.0
1985,Yuca,"Cassava, fresh",484065.0
1986,Yuca,"Cassava, fresh",507170.0
1987,Yuca,"Cassava, fresh",537033.0
1988,Yuca,"Cassava, fresh",477355.0
1989,Yuca,"Cassava, fresh",471731.0
1990,Yuca,"Cassava, fresh",381069.0
1991,Yuca,"Cassava, fresh",410693.0
1992,Yuca,"Cassava, fresh",386373.0
1993,Yuca,"Cassava, fresh",438530.0
1994,Yuca,"Cassava, fresh",512492.0
1995,Yuca,"Cassava, fresh",547439.0
1996,Yuca,"Cassava, fresh",702949.0
1997,Yuca,"Cassava, fresh",744733.0
1998,Yuca,"Cassava, fresh",881262.0
1999,Yuca,"Cassava, fresh",876987.0
2000,Yuca,"Cassava, fresh",882517.0
2001,Yuca,"Cassava, fresh",857055.0
2002,Yuca,"Cassava, fresh",890135.0
2003,Yuca,"Cassava, fresh",909341.0
2004,Yuca,"Cassava, fresh",971035.0
2005,Yuca,"Cassava, fresh",1004454.0
2006,Yuca,"Cassava, fresh",1139925.0
2007,Yuca,"Cassava, fresh",1158042.0
2008,Yuca,"Cassava, fresh",1171818.0
2009,Yuca,"Cassava, fresh",1166017.0
2010,Yuca,"Cassava, fresh",1240121.0
2011,Yuca,"Cassava, fresh",1115593.0
2012,Yuca,"Cassava, fresh",1118489.03
2013,Yuca,"Cassava, fresh",1184662.0
2014,Yuca,"Cassava, fresh",1195926.0
2015,Yuca,"Cassava, fresh",1230036.0
2016,Yuca,"Cassava, fresh",1180955.0
2017,Yuca,"Cassava, fresh",1196449.0
2018,Yuca,"Cassava, fresh",1239740.6
2019,Yuca,"Cassava, fresh",1276914.45
2020,Yuca,"Cassava, fresh",1343009.6
2021,Yuca,"Cassava, fresh",1341434.49
2022,Yuca,"Cassava, fresh",1416938.93
2023,Yuca,"Cassava, fresh",1504942.94
2024,Yuca,"Cassava, fresh",1425272.17
